ts_code,symbol,name,enname,aliases
0050.TW,0050.TW,元大台湾50,,元大台灣50|台灣50|台湾50
0051.TW,0051.TW,元大中型100,,
0052.TW,0052.TW,富邦科技,,
0053.TW,0053.TW,元大电子,,元大電子
0055.TW,0055.TW,元大MSCI金融,,
0056.TW,0056.TW,元大高股息,,
0057.TW,0057.TW,富邦摩台,,
0061.TW,0061.TW,元大宝沪深,,元大寶滬深
1101.TW,1101.TW,台泥,,
1102.TW,1102.TW,亚泥,,亞泥
1103.TW,1103.TW,嘉泥,,
1104.TW,1104.TW,环泥,,環泥
1108.TW,1108.TW,幸福,,
1109.TW,1109.TW,信大,,
1110.TW,1110.TW,东泥,,東泥
1201.TW,1201.TW,味全,,
1203.TW,1203.TW,味王,,
1210.TW,1210.TW,大成,,
1213.TW,1213.TW,大饮,,大飲
1215.TW,1215.TW,卜蜂,,
1216.TW,1216.TW,统一,,統一
1217.TW,1217.TW,爱之味,,愛之味
1218.TW,1218.TW,泰山,,
1219.TW,1219.TW,福寿,,福壽
1220.TW,1220.TW,台荣,,台榮
1225.TW,1225.TW,福懋油,,
1227.TW,1227.TW,佳格,,
1229.TW,1229.TW,联华,,聯華
1231.TW,1231.TW,联华食,,聯華食
1232.TW,1232.TW,大统益,,大統益
1233.TW,1233.TW,天仁,,
1234.TW,1234.TW,黑松,,
1235.TW,1235.TW,兴泰,,興泰
1236.TW,1236.TW,宏亚,,宏亞
1240.TWO,1240.TWO,茂生农经,,茂生農經
1256.TW,1256.TW,鲜活果汁-KY,,鮮活果汁-KY
1259.TWO,1259.TWO,安心,,
1264.TWO,1264.TWO,德麦,,德麥
1268.TWO,1268.TWO,汉来美食,,漢來美食
1294.TWO,1294.TWO,汉田生技,,漢田生技
1295.TWO,1295.TWO,生合,,
1301.TW,1301.TW,台塑,,
1303.TW,1303.TW,南亚,,南亞
1304.TW,1304.TW,台聚,,
1305.TW,1305.TW,华夏,,華夏
1307.TW,1307.TW,三芳,,
1308.TW,1308.TW,亚聚,,亞聚
1309.TW,1309.TW,台达化,,台達化
1310.TW,1310.TW,台苯,,
1312.TW,1312.TW,国乔,,國喬
1313.TW,1313.TW,联成,,聯成
1314.TW,1314.TW,中石化,,
1315.TW,1315.TW,达新,,達新
1316.TW,1316.TW,上曜,,
1319.TW,1319.TW,东阳,,東陽
1321.TW,1321.TW,大洋,,
1323.TW,1323.TW,永裕,,
1324.TW,1324.TW,地球,,
1325.TW,1325.TW,恒大,,恆大
1326.TW,1326.TW,台化,,
1336.TWO,1336.TWO,台翰,,
1337.TW,1337.TW,再生-KY,,
1338.TW,1338.TW,广华-KY,,廣華-KY
1339.TW,1339.TW,昭辉,,昭輝
1340.TW,1340.TW,胜悦-KY,,勝悅-KY
1341.TW,1341.TW,富林-KY,,
1342.TW,1342.TW,八贯,,八貫
1402.TW,1402.TW,远东新,,遠東新
1409.TW,1409.TW,新纤,,新纖
1410.TW,1410.TW,南染,,
1413.TW,1413.TW,宏洲,,
1414.TW,1414.TW,东和,,東和
1416.TW,1416.TW,广丰,,廣豐
1417.TW,1417.TW,嘉裕,,
1418.TW,1418.TW,东华,,東華
1419.TW,1419.TW,新纺,,新紡
1423.TW,1423.TW,利华,,利華
1432.TW,1432.TW,大鲁阁,,大魯閣
1434.TW,1434.TW,福懋,,
1435.TW,1435.TW,中福,,
1436.TW,1436.TW,华友联,,華友聯
1437.TW,1437.TW,勤益控,,
1438.TW,1438.TW,三地开发,,三地開發
1439.TW,1439.TW,隽扬,,雋揚
1440.TW,1440.TW,南纺,,南紡
1441.TW,1441.TW,大东,,大東
1442.TW,1442.TW,名轩,,名軒
1443.TW,1443.TW,立益物流,,
1444.TW,1444.TW,力丽,,力麗
1445.TW,1445.TW,大宇,,
1446.TW,1446.TW,宏和,,
1447.TW,1447.TW,力鹏,,力鵬
1449.TW,1449.TW,佳和,,
1451.TW,1451.TW,年兴,,年興
1452.TW,1452.TW,宏益,,
1453.TW,1453.TW,大将,,大將
1454.TW,1454.TW,台富,,
1455.TW,1455.TW,集盛,,
1456.TW,1456.TW,怡华,,怡華
1457.TW,1457.TW,宜进,,宜進
1459.TW,1459.TW,联发,,聯發
1460.TW,1460.TW,宏远,,宏遠
1463.TW,1463.TW,强盛新,,強盛新
1464.TW,1464.TW,得力,,
1465.TW,1465.TW,伟全,,偉全
1466.TW,1466.TW,聚隆,,
1467.TW,1467.TW,南纬,,南緯
1468.TW,1468.TW,昶和,,
1470.TW,1470.TW,大统新创,,大統新創
1471.TW,1471.TW,首利,,
1472.TW,1472.TW,三洋实业,,三洋實業
1473.TW,1473.TW,台南,,
1474.TW,1474.TW,弘裕,,
1475.TW,1475.TW,业旺,,業旺
1476.TW,1476.TW,儒鸿,,儒鴻
1477.TW,1477.TW,聚阳,,聚陽
1503.TW,1503.TW,士电,,士電
1504.TW,1504.TW,东元,,東元
1506.TW,1506.TW,正道,,
1512.TW,1512.TW,瑞利,,
1513.TW,1513.TW,中兴电,,中興電
1514.TW,1514.TW,亚力,,亞力
1515.TW,1515.TW,力山,,
1516.TW,1516.TW,川飞,,川飛
1517.TW,1517.TW,利奇,,
1519.TW,1519.TW,华城,,華城
1521.TW,1521.TW,大亿,,大億
1522.TW,1522.TW,堤维西,,堤維西
1524.TW,1524.TW,耿鼎,,
1525.TW,1525.TW,江申,,
1526.TW,1526.TW,日驰,,日馳
1527.TW,1527.TW,钻全,,鑽全
1528.TW,1528.TW,恩德,,
1529.TW,1529.TW,乐事绿能,,樂事綠能
1530.TW,1530.TW,亚崴,,亞崴
1531.TW,1531.TW,高林股,,
1532.TW,1532.TW,勤美,,
1533.TW,1533.TW,车王电,,車王電
1535.TW,1535.TW,中宇,,
1536.TW,1536.TW,和大,,
1537.TW,1537.TW,广隆,,廣隆
1538.TW,1538.TW,正峰,,
1539.TW,1539.TW,巨庭,,
1540.TW,1540.TW,乔福,,喬福
1541.TW,1541.TW,锠泰,,錩泰
1558.TW,1558.TW,伸兴,,伸興
1560.TW,1560.TW,中砂,,
1563.TW,1563.TW,巧新,,
1565.TWO,1565.TWO,精华,,精華
1568.TW,1568.TW,仓佑,,倉佑
1569.TWO,1569.TWO,滨川,,濱川
1570.TWO,1570.TWO,力肯,,
1580.TWO,1580.TWO,新麦,,新麥
1582.TW,1582.TW,信锦,,信錦
1583.TW,1583.TW,程泰,,
1584.TWO,1584.TWO,精刚,,精剛
1586.TWO,1586.TWO,和勤,,
1587.TW,1587.TW,吉茂,,
1589.TW,1589.TW,永冠-KY,,
1590.TW,1590.TW,亚德客-KY,,亞德客-KY
1591.TWO,1591.TWO,骏吉-KY,,駿吉-KY
1593.TWO,1593.TWO,祺骅,,祺驊
1595.TWO,1595.TWO,川宝,,川寶
1597.TW,1597.TW,直得,,
1598.TW,1598.TW,岱宇,,
1599.TWO,1599.TWO,宏佳腾,,宏佳騰
1603.TW,1603.TW,华电,,華電
1604.TW,1604.TW,声宝,,聲寶
1605.TW,1605.TW,华新,,華新
1608.TW,1608.TW,华荣,,華榮
1609.TW,1609.TW,大亚,,大亞
1611.TW,1611.TW,中电,,中電
1612.TW,1612.TW,宏泰,,
1614.TW,1614.TW,三洋电,,三洋電
1615.TW,1615.TW,大山,,
1616.TW,1616.TW,亿泰,,億泰
1617.TW,1617.TW,荣星,,榮星
1618.TW,1618.TW,合机,,合機
1623.TW,1623.TW,大东电,,大東電
1626.TW,1626.TW,艾美特-KY,,
1702.TW,1702.TW,南侨,,南僑
1707.TW,1707.TW,葡萄王,,
1708.TW,1708.TW,东碱,,東鹼
1709.TW,1709.TW,和益,,
1710.TW,1710.TW,东联,,東聯
1711.TW,1711.TW,永光,,
1712.TW,1712.TW,兴农,,興農
1713.TW,1713.TW,国化,,國化
1714.TW,1714.TW,和桐,,
1717.TW,1717.TW,长兴,,長興
1718.TW,1718.TW,中纤,,中纖
1720.TW,1720.TW,生达,,生達
1721.TW,1721.TW,三晃,,
1722.TW,1722.TW,台肥,,
1723.TW,1723.TW,中碳,,
1725.TW,1725.TW,元祯,,元禎
1726.TW,1726.TW,永记,,永記
1727.TW,1727.TW,中华化,,中華化
1730.TW,1730.TW,花仙子,,
1731.TW,1731.TW,美吾华,,美吾華
1732.TW,1732.TW,毛宝,,毛寶
1733.TW,1733.TW,五鼎,,
1734.TW,1734.TW,杏辉,,杏輝
1735.TW,1735.TW,日胜化,,日勝化
1736.TW,1736.TW,乔山,,喬山
1737.TW,1737.TW,台盐,,臺鹽
1742.TWO,1742.TWO,台蜡,,台蠟
1752.TW,1752.TW,南光,,
1760.TW,1760.TW,宝龄富锦,,寶齡富錦
1762.TW,1762.TW,中化生,,
1773.TW,1773.TW,胜一,,勝一
1776.TW,1776.TW,展宇,,
1777.TWO,1777.TWO,生泰,,
1781.TWO,1781.TWO,合世,,
1783.TW,1783.TW,和康生,,
1784.TWO,1784.TWO,讯联,,訊聯
1785.TWO,1785.TWO,光洋科,,
1786.TW,1786.TW,科妍,,
1788.TWO,1788.TWO,杏昌,,
1789.TW,1789.TW,神隆,,
1795.TW,1795.TW,美时,,美時
1796.TWO,1796.TWO,金颖生技,,金穎生技
1799.TWO,1799.TWO,易威,,
1802.TW,1802.TW,台玻,,
1805.TW,1805.TW,宝徕,,寶徠
1806.TW,1806.TW,冠军,,冠軍
1808.TW,1808.TW,润隆,,潤隆
1809.TW,1809.TW,中釉,,
1810.TW,1810.TW,和成,,
1813.TWO,1813.TWO,宝利徕,,寶利徠
1815.TWO,1815.TWO,富乔,,富喬
1817.TW,1817.TW,凯撒卫,,凱撒衛
1903.TW,1903.TW,士纸,,士紙
1904.TW,1904.TW,正隆,,
1905.TW,1905.TW,华纸,,華紙
1906.TW,1906.TW,宝隆,,寶隆
1907.TW,1907.TW,永丰余,,永豐餘
1909.TW,1909.TW,荣成,,榮成
2002.TW,2002.TW,中钢,,中鋼
2006.TW,2006.TW,东和钢铁,,東和鋼鐵
2007.TW,2007.TW,烨兴,,燁興
2008.TW,2008.TW,高兴昌,,高興昌
2009.TW,2009.TW,第一铜,,第一銅
2010.TW,2010.TW,春源,,
2012.TW,2012.TW,春雨,,
2013.TW,2013.TW,中钢构,,中鋼構
2014.TW,2014.TW,中鸿,,中鴻
2015.TW,2015.TW,丰兴,,豐興
2017.TW,2017.TW,官田钢,,官田鋼
2020.TW,2020.TW,美亚,,美亞
2022.TW,2022.TW,聚亨,,
2023.TW,2023.TW,烨辉,,燁輝
2024.TW,2024.TW,志联,,志聯
2025.TW,2025.TW,千兴,,千興
2027.TW,2027.TW,大成钢,,大成鋼
2028.TW,2028.TW,威致,,
2029.TW,2029.TW,盛余,,盛餘
2030.TW,2030.TW,彰源,,
2031.TW,2031.TW,新光钢,,新光鋼
2032.TW,2032.TW,新钢,,新鋼
2033.TW,2033.TW,佳大,,
2034.TW,2034.TW,允强,,允強
2035.TWO,2035.TWO,唐荣,,唐榮
2038.TW,2038.TW,海光,,
2049.TW,2049.TW,上银,,上銀
2059.TW,2059.TW,川湖,,
2061.TWO,2061.TWO,风青,,風青
2062.TW,2062.TW,桥椿,,橋椿
2063.TWO,2063.TWO,世铠,,世鎧
2064.TWO,2064.TWO,晋椿,,晉椿
2065.TWO,2065.TWO,世丰,,世豐
2066.TWO,2066.TWO,世德,,
2067.TWO,2067.TWO,嘉钢,,嘉鋼
2069.TW,2069.TW,运锠,,運錩
2070.TWO,2070.TWO,精湛,,
2072.TW,2072.TW,世纪风电,,世紀風電
2073.TWO,2073.TWO,雄顺,,雄順
2101.TW,2101.TW,南港,,
2102.TW,2102.TW,泰丰,,泰豐
2103.TW,2103.TW,台橡,,
2104.TW,2104.TW,国际中橡,,國際中橡
2105.TW,2105.TW,正新,,
2106.TW,2106.TW,建大,,
2107.TW,2107.TW,厚生,,
2108.TW,2108.TW,南帝,,
2109.TW,2109.TW,华丰,,華豐
2114.TW,2114.TW,鑫永铨,,鑫永銓
2115.TW,2115.TW,六晖-KY,,六暉-KY
2201.TW,2201.TW,裕隆,,
2204.TW,2204.TW,中华,,中華
2206.TW,2206.TW,三阳工业,,三陽工業
2207.TW,2207.TW,和泰车,,和泰車
2208.TW,2208.TW,台船,,
2211.TW,2211.TW,长荣钢,,長榮鋼
2221.TWO,2221.TWO,大甲,,
2227.TW,2227.TW,裕日车,,裕日車
2228.TW,2228.TW,剑麟,,劍麟
2230.TWO,2230.TWO,泰茂,,
2231.TW,2231.TW,为升,,為升
2233.TW,2233.TW,宇隆,,
2235.TWO,2235.TWO,谥源,,謚源
2236.TW,2236.TW,百达-KY,,百達-KY
2239.TW,2239.TW,英利-KY,,
2241.TW,2241.TW,艾姆勒,,
2243.TW,2243.TW,宏旭-KY,,
2247.TW,2247.TW,泛德永业,,汎德永業
2248.TW,2248.TW,华胜-KY,,華勝-KY
2250.TW,2250.TW,IKKA-KY,,
2254.TW,2254.TW,巨铠精密-创,,巨鎧精密-創
2258.TW,2258.TW,鸿华先进-创,,鴻華先進-創
2301.TW,2301.TW,光宝科,,光寶科
2302.TW,2302.TW,丽正,,麗正
2303.TW,2303.TW,联电,,聯電
2305.TW,2305.TW,全友,,
2308.TW,2308.TW,台达电,,台達電|Delta
2312.TW,2312.TW,金宝,,金寶
2313.TW,2313.TW,华通,,華通
2314.TW,2314.TW,台扬,,台揚
2316.TW,2316.TW,楠梓电,,楠梓電
2317.TW,2317.TW,鸿海,,鴻海|Foxconn|富士康
2321.TW,2321.TW,东讯,,東訊
2323.TW,2323.TW,中环,,中環
2324.TW,2324.TW,仁宝,,仁寶
2327.TW,2327.TW,国巨*,,國巨*
2328.TW,2328.TW,广宇,,廣宇
2329.TW,2329.TW,华泰,,華泰
2330.TW,2330.TW,台积电,,台積電|TSMC|台湾积体电路
2331.TW,2331.TW,精英,,
2332.TW,2332.TW,友讯,,友訊
2337.TW,2337.TW,旺宏,,
2338.TW,2338.TW,光罩,,
2340.TW,2340.TW,台亚,,台亞
2342.TW,2342.TW,茂矽,,
2344.TW,2344.TW,华邦电,,華邦電
2345.TW,2345.TW,智邦,,
2347.TW,2347.TW,联强,,聯強
2348.TW,2348.TW,海悦,,海悅
2349.TW,2349.TW,铼德,,錸德
2351.TW,2351.TW,顺德,,順德
2352.TW,2352.TW,佳世达,,佳世達
2353.TW,2353.TW,宏碁,,
2354.TW,2354.TW,鸿准,,鴻準
2355.TW,2355.TW,敬鹏,,敬鵬
2356.TW,2356.TW,英业达,,英業達
2357.TW,2357.TW,华硕,,華碩
2359.TW,2359.TW,所罗门,,所羅門
2360.TW,2360.TW,致茂,,
2362.TW,2362.TW,蓝天,,藍天
2363.TW,2363.TW,矽统,,矽統
2364.TW,2364.TW,伦飞,,倫飛
2365.TW,2365.TW,昆盈,,
2367.TW,2367.TW,燿华,,燿華
2368.TW,2368.TW,金像电,,金像電
2369.TW,2369.TW,菱生,,
2371.TW,2371.TW,大同,,
2373.TW,2373.TW,震旦行,,
2374.TW,2374.TW,佳能,,
2375.TW,2375.TW,凯美,,凱美
2376.TW,2376.TW,技嘉,,
2377.TW,2377.TW,微星,,
2379.TW,2379.TW,瑞昱,,
2380.TW,2380.TW,虹光,,
2382.TW,2382.TW,广达,,廣達|Quanta
2383.TW,2383.TW,台光电,,台光電
2385.TW,2385.TW,群光,,
2387.TW,2387.TW,精元,,
2388.TW,2388.TW,威盛,,
2390.TW,2390.TW,云辰,,
2392.TW,2392.TW,正崴,,
2393.TW,2393.TW,亿光,,億光
2395.TW,2395.TW,研华,,研華
2397.TW,2397.TW,友通,,
2399.TW,2399.TW,映泰,,
2401.TW,2401.TW,凌阳,,凌陽
2402.TW,2402.TW,毅嘉,,
2404.TW,2404.TW,汉唐,,漢唐
2405.TW,2405.TW,辅信,,輔信
2406.TW,2406.TW,国硕,,國碩
2408.TW,2408.TW,南亚科,,南亞科
2409.TW,2409.TW,友达,,友達
2412.TW,2412.TW,中华电,,中華電|CHT|中華電信|中华电信
2413.TW,2413.TW,环科,,環科
2414.TW,2414.TW,精技,,
2415.TW,2415.TW,锠新,,錩新
2417.TW,2417.TW,圆刚,,圓剛
2419.TW,2419.TW,仲琦,,
2420.TW,2420.TW,新巨,,
2421.TW,2421.TW,建准,,建準
2423.TW,2423.TW,固纬,,固緯
2424.TW,2424.TW,陇华,,隴華
2425.TW,2425.TW,承启,,承啟
2426.TW,2426.TW,鼎元,,
2427.TW,2427.TW,三商电,,三商電
2428.TW,2428.TW,兴勤,,興勤
2429.TW,2429.TW,铭旺科,,銘旺科
2430.TW,2430.TW,灿坤,,燦坤
2431.TW,2431.TW,联昌,,聯昌
2432.TW,2432.TW,倚天酷碁-创,,倚天酷碁-創
2433.TW,2433.TW,互盛电,,互盛電
2434.TW,2434.TW,统懋,,統懋
2436.TW,2436.TW,伟诠电,,偉詮電
2438.TW,2438.TW,翔耀,,
2439.TW,2439.TW,美律,,
2440.TW,2440.TW,太空梭,,
2441.TW,2441.TW,超丰,,超豐
2442.TW,2442.TW,新美齐,,新美齊
2444.TW,2444.TW,兆劲,,兆勁
2449.TW,2449.TW,京元电子,,京元電子
2450.TW,2450.TW,神脑,,神腦
2451.TW,2451.TW,创见,,創見
2453.TW,2453.TW,凌群,,
2454.TW,2454.TW,联发科,,聯發科|MediaTek|联发科技
2455.TW,2455.TW,全新,,
2457.TW,2457.TW,飞宏,,飛宏
2458.TW,2458.TW,义隆,,義隆
2459.TW,2459.TW,敦吉,,
2460.TW,2460.TW,建通,,
2461.TW,2461.TW,光群雷,,
2462.TW,2462.TW,良得电,,良得電
2464.TW,2464.TW,盟立,,
2465.TW,2465.TW,丽台,,麗臺
2466.TW,2466.TW,冠西电,,冠西電
2467.TW,2467.TW,志圣,,志聖
2468.TW,2468.TW,华经,,華經
2471.TW,2471.TW,资通,,資通
2472.TW,2472.TW,立隆电,,立隆電
2474.TW,2474.TW,可成,,
2476.TW,2476.TW,巨祥,,鉅祥
2477.TW,2477.TW,美隆电,,美隆電
2478.TW,2478.TW,大毅,,
2480.TW,2480.TW,敦阳科,,敦陽科
2481.TW,2481.TW,强茂,,強茂
2482.TW,2482.TW,连宇,,連宇
2483.TW,2483.TW,百容,,
2484.TW,2484.TW,希华,,希華
2485.TW,2485.TW,兆赫,,
2486.TW,2486.TW,一诠,,一詮
2488.TW,2488.TW,汉平,,漢平
2489.TW,2489.TW,瑞轩,,瑞軒
2491.TW,2491.TW,吉祥全,,
2492.TW,2492.TW,华新科,,華新科
2493.TW,2493.TW,扬博,,揚博
2495.TW,2495.TW,普安,,
2496.TW,2496.TW,卓越,,
2497.TW,2497.TW,怡利电,,怡利電
2498.TW,2498.TW,宏达电,,宏達電
2501.TW,2501.TW,国建,,國建
2504.TW,2504.TW,国产,,國產
2505.TW,2505.TW,国扬,,國揚
2506.TW,2506.TW,太设,,太設
2509.TW,2509.TW,全坤建,,
2511.TW,2511.TW,太子,,
2514.TW,2514.TW,龙邦,,龍邦
2515.TW,2515.TW,中工,,
2516.TW,2516.TW,新建,,
2520.TW,2520.TW,冠德,,
2524.TW,2524.TW,京城,,
2527.TW,2527.TW,宏璟,,
2528.TW,2528.TW,皇普,,
2530.TW,2530.TW,华建,,華建
2534.TW,2534.TW,宏盛,,
2535.TW,2535.TW,达欣工,,達欣工
2536.TW,2536.TW,宏普,,
2537.TW,2537.TW,联上发,,聯上發
2538.TW,2538.TW,基泰,,
2539.TW,2539.TW,樱花建,,櫻花建
2540.TW,2540.TW,爱山林,,愛山林
2542.TW,2542.TW,兴富发,,興富發
2543.TW,2543.TW,皇昌,,
2545.TW,2545.TW,皇翔,,
2546.TW,2546.TW,根基,,
2547.TW,2547.TW,日胜生,,日勝生
2548.TW,2548.TW,华固,,華固
2596.TWO,2596.TWO,绿意,,綠意
2597.TW,2597.TW,润弘,,潤弘
2601.TW,2601.TW,益航,,
2603.TW,2603.TW,长荣,,長榮|Evergreen
2605.TW,2605.TW,新兴,,新興
2606.TW,2606.TW,裕民,,
2607.TW,2607.TW,荣运,,榮運
2608.TW,2608.TW,嘉里大荣,,嘉里大榮
2609.TW,2609.TW,阳明,,陽明
2610.TW,2610.TW,华航,,華航
2611.TW,2611.TW,志信,,
2612.TW,2612.TW,中航,,
2613.TW,2613.TW,中柜,,中櫃
2614.TW,2614.TW,东森,,東森
2615.TW,2615.TW,万海,,萬海
2616.TW,2616.TW,山隆,,
2617.TW,2617.TW,台航,,
2618.TW,2618.TW,长荣航,,長榮航
2630.TW,2630.TW,亚航,,亞航
2633.TW,2633.TW,台湾高铁,,台灣高鐵
2634.TW,2634.TW,汉翔,,漢翔
2636.TW,2636.TW,台骅控股,,台驊控股
2637.TW,2637.TW,慧洋-KY,,
2640.TWO,2640.TWO,大车队,,大車隊
2641.TWO,2641.TWO,正德,,
2642.TW,2642.TW,宅配通,,
2643.TWO,2643.TWO,捷迅,,
2645.TW,2645.TW,长荣航太,,長榮航太
2646.TW,2646.TW,星宇航空,,
2701.TW,2701.TW,万企,,萬企
2702.TW,2702.TW,华园,,華園
2704.TW,2704.TW,国宾,,國賓
2705.TW,2705.TW,六福,,
2706.TW,2706.TW,第一店,,
2707.TW,2707.TW,晶华,,晶華
2712.TW,2712.TW,远雄来,,遠雄來
2718.TWO,2718.TWO,全心投控,,
2719.TWO,2719.TWO,灿星旅,,燦星旅
2722.TW,2722.TW,夏都,,
2723.TW,2723.TW,美食-KY,,
2724.TWO,2724.TWO,艺舍-KY,,藝舍-KY
2726.TWO,2726.TWO,雅茗-KY,,
2727.TW,2727.TW,王品,,
2729.TWO,2729.TWO,瓦城,,
2731.TW,2731.TW,雄狮,,雄獅
2732.TWO,2732.TWO,六角,,
2734.TWO,2734.TWO,易飞网,,易飛網
2736.TWO,2736.TWO,富野,,
2739.TW,2739.TW,寒舍,,
2740.TWO,2740.TWO,天葱,,天蔥
2743.TWO,2743.TWO,山富,,
2745.TWO,2745.TWO,五福,,
2748.TW,2748.TW,云品,,雲品
2751.TWO,2751.TWO,王座,,
2752.TWO,2752.TWO,豆府,,
2753.TW,2753.TW,八方云集,,八方雲集
2754.TWO,2754.TWO,亚洲藏寿司,,亞洲藏壽司
2755.TWO,2755.TWO,扬秦,,揚秦
2756.TWO,2756.TWO,联发国际,,聯發國際
2762.TW,2762.TW,世界健身-KY,,
2801.TW,2801.TW,彰银,,彰銀
2812.TW,2812.TW,台中银,,台中銀
2816.TW,2816.TW,旺旺保,,
2820.TW,2820.TW,华票,,華票
2832.TW,2832.TW,台产,,台產
2834.TW,2834.TW,台企银,,臺企銀
2836.TW,2836.TW,高雄银,,高雄銀
2838.TW,2838.TW,联邦银,,聯邦銀
2845.TW,2845.TW,远东银,,遠東銀
2849.TW,2849.TW,安泰银,,安泰銀
2850.TW,2850.TW,新产,,新產
2851.TW,2851.TW,中再保,,
2852.TW,2852.TW,第一保,,
2855.TW,2855.TW,统一证,,統一證
2867.TW,2867.TW,三商寿,,三商壽
2880.TW,2880.TW,华南金,,華南金
2881.TW,2881.TW,富邦金,,Fubon
2882.TW,2882.TW,国泰金,,國泰金|Cathay
2883.TW,2883.TW,凯基金,,凱基金
2884.TW,2884.TW,玉山金,,
2885.TW,2885.TW,元大金,,
2886.TW,2886.TW,兆丰金,,兆豐金
2887.TW,2887.TW,台新新光金,,
2889.TW,2889.TW,国票金,,國票金
2890.TW,2890.TW,永丰金,,永豐金
2891.TW,2891.TW,中信金,,
2892.TW,2892.TW,第一金,,
2897.TW,2897.TW,王道银行,,王道銀行
2901.TW,2901.TW,欣欣,,
2903.TW,2903.TW,远百,,遠百
2904.TW,2904.TW,汇侨,,匯僑
2905.TW,2905.TW,三商,,
2906.TW,2906.TW,高林,,
2908.TW,2908.TW,特力,,
2910.TW,2910.TW,统领,,統領
2911.TW,2911.TW,丽婴房,,麗嬰房
2912.TW,2912.TW,统一超,,統一超
2913.TW,2913.TW,农林,,農林
2915.TW,2915.TW,润泰全,,潤泰全
2916.TWO,2916.TWO,满心,,滿心
2923.TW,2923.TW,鼎固-KY,,
2924.TWO,2924.TWO,宏太-KY,,
2926.TWO,2926.TWO,诚品生活,,誠品生活
2929.TW,2929.TW,淘帝-KY,,
2937.TWO,2937.TWO,集雅社,,
2939.TW,2939.TW,永邑-KY,,
2941.TWO,2941.TWO,米斯特,,
2945.TW,2945.TW,三商家购,,三商家購
2947.TWO,2947.TWO,振宇五金,,
2948.TWO,2948.TWO,宝升,,寶陞
2949.TWO,2949.TWO,欣新网,,欣新網
3002.TW,3002.TW,欧格,,歐格
3003.TW,3003.TW,健和兴,,健和興
3004.TW,3004.TW,丰达科,,豐達科
3005.TW,3005.TW,神基,,
3006.TW,3006.TW,晶豪科,,
3008.TW,3008.TW,大立光,,Largan
3010.TW,3010.TW,华立,,華立
3011.TW,3011.TW,今皓,,
3013.TW,3013.TW,晟铭电,,晟銘電
3014.TW,3014.TW,联阳,,聯陽
3015.TW,3015.TW,全汉,,全漢
3016.TW,3016.TW,嘉晶,,
3017.TW,3017.TW,奇𬭎,,奇鋐
3018.TW,3018.TW,隆铭绿能,,隆銘綠能
3019.TW,3019.TW,亚光,,亞光
3021.TW,3021.TW,鸿名,,鴻名
3022.TW,3022.TW,威强电,,威強電
3023.TW,3023.TW,信邦,,
3024.TW,3024.TW,忆声,,憶聲
3025.TW,3025.TW,星通,,
3026.TW,3026.TW,禾伸堂,,
3027.TW,3027.TW,盛达,,盛達
3028.TW,3028.TW,增你强,,增你強
3029.TW,3029.TW,零壹,,
3030.TW,3030.TW,德律,,
3031.TW,3031.TW,佰鸿,,佰鴻
3032.TW,3032.TW,伟训,,偉訓
3033.TW,3033.TW,威健,,
3034.TW,3034.TW,联咏,,聯詠
3035.TW,3035.TW,智原,,
3036.TW,3036.TW,文晔,,文曄
3037.TW,3037.TW,欣兴,,欣興
3038.TW,3038.TW,全台,,
3040.TW,3040.TW,远见,,遠見
3041.TW,3041.TW,扬智,,揚智
3042.TW,3042.TW,晶技,,
3043.TW,3043.TW,科风,,科風
3044.TW,3044.TW,健鼎,,
3045.TW,3045.TW,台湾大,,台灣大
3046.TW,3046.TW,建碁,,
3047.TW,3047.TW,讯舟,,訊舟
3048.TW,3048.TW,益登,,
3049.TW,3049.TW,精金,,
3050.TW,3050.TW,钰德,,鈺德
3051.TW,3051.TW,力特,,
3052.TW,3052.TW,夆典,,
3054.TW,3054.TW,立万利,,立萬利
3055.TW,3055.TW,蔚华科,,蔚華科
3056.TW,3056.TW,富华新,,富華新
3057.TW,3057.TW,乔鼎,,喬鼎
3058.TW,3058.TW,立德,,
3059.TW,3059.TW,华晶科,,華晶科
3060.TW,3060.TW,铭异,,銘異
3062.TW,3062.TW,建汉,,建漢
3064.TWO,3064.TWO,泰伟,,泰偉
3066.TWO,3066.TWO,李洲,,
3067.TWO,3067.TWO,全域,,
3071.TWO,3071.TWO,协禧,,協禧
3073.TWO,3073.TWO,天方能源,,
3078.TWO,3078.TWO,侨威,,僑威
3081.TWO,3081.TWO,联亚,,聯亞
3083.TWO,3083.TWO,网龙,,網龍
3085.TWO,3085.TWO,新零售,,
3086.TWO,3086.TWO,华义,,華義
3088.TWO,3088.TWO,艾讯,,艾訊
3090.TW,3090.TW,日电贸,,日電貿
3092.TW,3092.TW,鸿硕,,鴻碩
3093.TWO,3093.TWO,港建*,,
3094.TW,3094.TW,联杰,,聯傑
3095.TWO,3095.TWO,及成,,
3105.TWO,3105.TWO,稳懋,,穩懋
3114.TWO,3114.TWO,好德,,
3115.TWO,3115.TWO,富荣纲,,富榮綱
3118.TWO,3118.TWO,进阶,,進階
3122.TWO,3122.TWO,笙泉,,
3128.TWO,3128.TWO,升锐,,昇銳
3130.TW,3130.TW,一零四,,
3131.TWO,3131.TWO,弘塑,,
3135.TW,3135.TW,凌航,,
3138.TW,3138.TW,耀登,,
3141.TWO,3141.TWO,晶宏,,
3147.TWO,3147.TWO,大综,,大綜
3149.TW,3149.TW,正达,,正達
3150.TW,3150.TW,钰宝-创,,鈺寶-創
3152.TWO,3152.TWO,璟德,,
3158.TWO,3158.TWO,嘉实,,嘉實
3162.TWO,3162.TWO,精确,,精確
3163.TWO,3163.TWO,波若威,,
3164.TW,3164.TW,景岳,,
3167.TW,3167.TW,大量,,
3168.TW,3168.TW,众福科,,眾福科
3169.TWO,3169.TWO,亚信,,亞信
3171.TWO,3171.TWO,炎洲流通,,
3176.TWO,3176.TWO,基亚,,基亞
3178.TWO,3178.TWO,公准,,公準
3188.TWO,3188.TWO,鑫龙腾,,鑫龍騰
3189.TW,3189.TW,景硕,,景碩
3191.TWO,3191.TWO,云嘉南,,雲嘉南
3205.TWO,3205.TWO,佰研,,
3206.TWO,3206.TWO,志丰,,志豐
3207.TWO,3207.TWO,耀胜,,耀勝
3209.TW,3209.TW,全科,,
3211.TWO,3211.TWO,顺达,,順達
3213.TWO,3213.TWO,茂讯,,茂訊
3217.TWO,3217.TWO,优群,,優群
3218.TWO,3218.TWO,大学光,,大學光
3219.TWO,3219.TWO,倚强科,,倚強科
3221.TWO,3221.TWO,台嘉硕,,台嘉碩
3224.TWO,3224.TWO,三顾,,三顧
3226.TWO,3226.TWO,龙锋,,龍鋒
3227.TWO,3227.TWO,原相,,
3228.TWO,3228.TWO,金丽科,,金麗科
3229.TW,3229.TW,晟钛,,晟鈦
3230.TWO,3230.TWO,锦明,,錦明
3231.TW,3231.TW,纬创,,緯創
3232.TWO,3232.TWO,昱捷,,
3234.TWO,3234.TWO,光环,,光環
3236.TWO,3236.TWO,千如,,
3252.TWO,3252.TWO,海湾,,海灣
3257.TW,3257.TW,虹冠电,,虹冠電
3259.TWO,3259.TWO,鑫创,,鑫創
3260.TWO,3260.TWO,威刚,,威剛
3264.TWO,3264.TWO,欣铨,,欣銓
3265.TWO,3265.TWO,台星科,,
3266.TW,3266.TW,升阳,,昇陽
3268.TWO,3268.TWO,海德威,,
3272.TWO,3272.TWO,东硕,,東碩
3276.TWO,3276.TWO,宇环,,宇環
3284.TWO,3284.TWO,太普高,,
3285.TWO,3285.TWO,微端,,
3287.TWO,3287.TWO,广寰科,,廣寰科
3288.TWO,3288.TWO,点晶,,點晶
3289.TWO,3289.TWO,宜特,,
3290.TWO,3290.TWO,东浦,,東浦
3293.TWO,3293.TWO,鈊象,,
3294.TWO,3294.TWO,英济,,英濟
3296.TW,3296.TW,胜德,,勝德
3297.TWO,3297.TWO,杭特,,
3303.TWO,3303.TWO,岱棱,,岱稜
3305.TW,3305.TW,升贸,,昇貿
3306.TWO,3306.TWO,鼎天,,
3308.TW,3308.TW,联德,,聯德
3310.TWO,3310.TWO,佳颖,,佳穎
3311.TW,3311.TW,闳晖,,閎暉
3312.TW,3312.TW,弘忆股,,弘憶股
3313.TWO,3313.TWO,斐成,,
3317.TWO,3317.TWO,尼克森,,
3321.TW,3321.TW,同泰,,
3322.TWO,3322.TWO,建舜电,,建舜電
3323.TWO,3323.TWO,加百裕,,
3324.TWO,3324.TWO,双鸿,,雙鴻
3325.TWO,3325.TWO,旭品,,
3332.TWO,3332.TWO,幸康,,
3338.TW,3338.TW,泰硕,,泰碩
3339.TWO,3339.TWO,泰谷,,
3346.TW,3346.TW,丽清,,麗清
3349.TWO,3349.TWO,宝德,,寶德
3354.TWO,3354.TWO,律胜,,律勝
3356.TW,3356.TW,奇偶,,
3357.TWO,3357.TWO,台庆科,,臺慶科
3360.TWO,3360.TWO,尚立,,
3362.TWO,3362.TWO,先进光,,先進光
3363.TWO,3363.TWO,上诠,,上詮
3372.TWO,3372.TWO,典范,,典範
3373.TWO,3373.TWO,热映,,熱映
3374.TWO,3374.TWO,精材,,
3376.TW,3376.TW,新日兴,,新日興
3379.TWO,3379.TWO,彬台,,
3380.TW,3380.TW,明泰,,
3388.TWO,3388.TWO,崇越电,,崇越電
3390.TWO,3390.TWO,旭软,,旭軟
3402.TWO,3402.TWO,汉科,,漢科
3406.TW,3406.TW,玉晶光,,
3413.TW,3413.TW,京鼎,,
3416.TW,3416.TW,融程电,,融程電
3419.TW,3419.TW,哗裕,,譁裕
3426.TWO,3426.TWO,台兴,,台興
3430.TWO,3430.TWO,奇钛科,,奇鈦科
3432.TW,3432.TW,台端,,
3434.TWO,3434.TWO,哲固,,
3437.TW,3437.TW,荣创,,榮創
3438.TWO,3438.TWO,类比科,,類比科
3441.TWO,3441.TWO,联一光,,聯一光
3443.TW,3443.TW,创意,,創意
3444.TWO,3444.TWO,利机,,利機
3447.TW,3447.TW,展达,,展達
3450.TW,3450.TW,联钧,,聯鈞
3455.TWO,3455.TWO,由田,,
3465.TWO,3465.TWO,进泰电子,,進泰電子
3466.TWO,3466.TWO,德晋,,德晉
3467.TWO,3467.TWO,台湾精材,,台灣精材
3479.TWO,3479.TWO,安勤,,
3481.TW,3481.TW,群创,,群創
3483.TWO,3483.TWO,力致,,
3484.TWO,3484.TWO,崧腾,,崧騰
3489.TWO,3489.TWO,森宝,,森寶
3490.TWO,3490.TWO,单井,,單井
3491.TWO,3491.TWO,升达科,,昇達科
3492.TWO,3492.TWO,长盛,,長盛
3494.TW,3494.TW,诚研,,誠研
3498.TWO,3498.TWO,阳程,,陽程
3499.TWO,3499.TWO,环天科,,環天科
3501.TW,3501.TW,维熹,,維熹
3504.TW,3504.TW,扬明光,,揚明光
3508.TWO,3508.TWO,位速,,
3511.TWO,3511.TWO,矽玛,,矽瑪
3512.TWO,3512.TWO,皇龙,,皇龍
3515.TW,3515.TW,华擎,,華擎
3516.TWO,3516.TWO,亚帝欧,,亞帝歐
3518.TW,3518.TW,柏腾,,柏騰
3520.TWO,3520.TWO,华盈,,華盈
3521.TWO,3521.TWO,台钢建设,,台鋼建設
3522.TWO,3522.TWO,御嵿,,
3523.TWO,3523.TWO,迎辉,,迎輝
3526.TWO,3526.TWO,凡甲,,
3527.TWO,3527.TWO,聚积,,聚積
3528.TW,3528.TW,安驰,,安馳
3529.TWO,3529.TWO,力旺,,
3530.TW,3530.TW,晶相光,,
3531.TWO,3531.TWO,先益,,
3532.TW,3532.TW,台胜科,,台勝科
3533.TW,3533.TW,嘉泽,,嘉澤
3535.TW,3535.TW,晶彩科,,
3537.TWO,3537.TWO,堡达,,堡達
3540.TWO,3540.TWO,曜越,,
3541.TWO,3541.TWO,西柏,,
3543.TW,3543.TW,州巧,,
3545.TW,3545.TW,敦泰,,
3546.TWO,3546.TWO,宇峻,,
3548.TWO,3548.TWO,兆利,,
3550.TW,3550.TW,联颖,,聯穎
3551.TWO,3551.TWO,世禾,,
3552.TWO,3552.TWO,同致,,
3555.TWO,3555.TWO,博士旺,,
3556.TWO,3556.TWO,禾瑞亚,,禾瑞亞
3557.TW,3557.TW,嘉威,,
3558.TWO,3558.TWO,神准,,神準
3563.TW,3563.TW,牧德,,
3564.TWO,3564.TWO,其阳,,其陽
3567.TWO,3567.TWO,逸昌,,
3570.TWO,3570.TWO,大冢,,大塚
3576.TW,3576.TW,联合再生,,聯合再生
3577.TWO,3577.TWO,泓格,,
3580.TWO,3580.TWO,友威科,,
3581.TWO,3581.TWO,博磊,,
3583.TW,3583.TW,辛耘,,
3587.TWO,3587.TWO,闳康,,閎康
3588.TW,3588.TW,通嘉,,
3591.TW,3591.TW,艾笛森,,
3592.TW,3592.TW,瑞鼎,,
3593.TW,3593.TW,力铭,,力銘
3594.TWO,3594.TWO,磐仪,,磐儀
3596.TW,3596.TW,智易,,
3597.TWO,3597.TWO,映兴,,映興
3605.TW,3605.TW,宏致,,
3607.TW,3607.TW,谷崧,,
3609.TWO,3609.TWO,三一东林,,三一東林
3611.TWO,3611.TWO,鼎翰,,
3615.TWO,3615.TWO,安可,,
3617.TW,3617.TW,硕天,,碩天
3622.TW,3622.TW,洋华,,洋華
3623.TWO,3623.TWO,富晶通,,
3624.TWO,3624.TWO,光颉,,光頡
3625.TWO,3625.TWO,西胜,,西勝
3628.TWO,3628.TWO,盈正,,
3629.TWO,3629.TWO,地心引力,,
3630.TWO,3630.TWO,新巨科,,新鉅科
3631.TWO,3631.TWO,晟楠,,
3632.TWO,3632.TWO,研勤,,
3645.TW,3645.TW,达迈,,達邁
3646.TWO,3646.TWO,艾恩特,,
3652.TW,3652.TW,精联,,精聯
3653.TW,3653.TW,健策,,
3661.TW,3661.TW,世芯-KY,,
3663.TWO,3663.TWO,鑫科,,
3664.TWO,3664.TWO,安瑞-KY,,
3665.TW,3665.TW,贸联-KY,,貿聯-KY
3666.TWO,3666.TWO,光耀,,
3669.TW,3669.TW,圆展,,圓展
3672.TWO,3672.TWO,康联讯,,康聯訊
3673.TW,3673.TW,TPK-KY,,
3675.TWO,3675.TWO,德微,,
3679.TW,3679.TW,新至升,,新至陞
3680.TWO,3680.TWO,家登,,
3684.TWO,3684.TWO,荣昌,,榮昌
3685.TWO,3685.TWO,元创精密,,元創精密
3686.TW,3686.TW,达能,,達能
3687.TWO,3687.TWO,欧买尬,,歐買尬
3689.TWO,3689.TWO,涌德,,湧德
3691.TWO,3691.TWO,硕禾,,碩禾
3693.TWO,3693.TWO,营邦,,營邦
3694.TW,3694.TW,海华,,海華
3701.TW,3701.TW,大众控,,大眾控
3702.TW,3702.TW,大联大,,大聯大
3703.TW,3703.TW,欣陆,,欣陸
3704.TW,3704.TW,合勤控,,
3705.TW,3705.TW,永信,,
3706.TW,3706.TW,神达,,神達
3707.TWO,3707.TWO,汉磊,,漢磊
3708.TW,3708.TW,上纬投控,,上緯投控
3709.TWO,3709.TWO,鑫联大投控,,鑫聯大投控
3710.TWO,3710.TWO,连展投控,,連展投控
3711.TW,3711.TW,日月光投控,,
3712.TW,3712.TW,永崴投控,,
3713.TWO,3713.TWO,新晶投控,,
3714.TW,3714.TW,富采,,
3715.TW,3715.TW,定颖投控,,定穎投控
3716.TW,3716.TW,中化控股,,
3717.TW,3717.TW,联嘉投控,,聯嘉投控
4102.TWO,4102.TWO,永日,,
4104.TW,4104.TW,佳医,,佳醫
4105.TWO,4105.TWO,东洋,,東洋
4106.TW,4106.TW,雃博,,
4107.TWO,4107.TWO,邦特,,
4108.TW,4108.TW,怀特,,懷特
4109.TWO,4109.TWO,加捷生医,,加捷生醫
4111.TWO,4111.TWO,济生,,濟生
4113.TWO,4113.TWO,联上,,聯上
4114.TWO,4114.TWO,健乔,,健喬
4116.TWO,4116.TWO,明基医,,明基醫
4119.TW,4119.TW,旭富,,
4120.TWO,4120.TWO,友华,,友華
4121.TWO,4121.TWO,优盛,,優盛
4123.TWO,4123.TWO,晟德,,
4126.TWO,4126.TWO,太医,,太醫
4127.TWO,4127.TWO,天良,,
4128.TWO,4128.TWO,中天,,
4129.TWO,4129.TWO,联合,,聯合
4130.TWO,4130.TWO,健亚,,健亞
4131.TWO,4131.TWO,浩泰,,
4133.TW,4133.TW,亚诺法,,亞諾法
4137.TW,4137.TW,丽丰-KY,,麗豐-KY
4138.TWO,4138.TWO,曜亚,,曜亞
4139.TWO,4139.TWO,马光-KY,,馬光-KY
4142.TW,4142.TW,国光生,,國光生
4147.TWO,4147.TWO,中裕,,
4148.TW,4148.TW,全宇生技-KY,,
4153.TWO,4153.TWO,钰纬,,鈺緯
4154.TWO,4154.TWO,乐威科-KY,,樂威科-KY
4155.TW,4155.TW,讯映,,訊映
4157.TWO,4157.TWO,太景*-KY,,
4160.TWO,4160.TWO,讯联基因,,訊聯基因
4161.TWO,4161.TWO,聿新科,,
4162.TWO,4162.TWO,智擎,,
4163.TWO,4163.TWO,镱钛,,鐿鈦
4164.TW,4164.TW,承业医,,承業醫
4166.TWO,4166.TWO,友霖,,
4167.TWO,4167.TWO,松瑞药,,松瑞藥
4168.TWO,4168.TWO,糖联,,醣聯
4171.TWO,4171.TWO,瑞基,,
4173.TWO,4173.TWO,久裕,,
4174.TWO,4174.TWO,浩鼎,,
4175.TWO,4175.TWO,杏一,,
4183.TWO,4183.TWO,福永生技,,
4188.TWO,4188.TWO,安克,,
4190.TW,4190.TW,佐登-KY,,
4192.TWO,4192.TWO,杏国,,杏國
4198.TWO,4198.TWO,欣大健康,,
4205.TWO,4205.TWO,中华食,,中華食
4207.TWO,4207.TWO,环泰,,環泰
4303.TWO,4303.TWO,信立,,
4304.TWO,4304.TWO,胜昱,,勝昱
4305.TWO,4305.TWO,世坤,,
4306.TW,4306.TW,炎洲,,
4401.TWO,4401.TWO,东隆兴,,東隆興
4402.TWO,4402.TWO,郡都开发,,郡都開發
4406.TWO,4406.TWO,新昕纤,,新昕纖
4413.TWO,4413.TWO,飞宝企业,,飛寶企業
4414.TW,4414.TW,如兴,,如興
4416.TWO,4416.TWO,三圆,,三圓
4417.TWO,4417.TWO,金洲,,
4419.TWO,4419.TWO,皇家美食,,
4420.TWO,4420.TWO,光明,,
4426.TW,4426.TW,利勤,,
4430.TWO,4430.TWO,耀亿,,耀億
4432.TWO,4432.TWO,铭旺实,,銘旺實
4433.TWO,4433.TWO,兴采,,興采
4438.TW,4438.TW,广越,,廣越
4439.TW,4439.TW,冠星-KY,,
4440.TW,4440.TW,宜新实业,,宜新實業
4441.TW,4441.TW,振大环球,,振大環球
4442.TWO,4442.TWO,竣邦-KY,,
4502.TWO,4502.TWO,健信,,
4503.TWO,4503.TWO,金雨,,
4506.TWO,4506.TWO,崇友,,
4510.TWO,4510.TWO,高锋,,高鋒
4513.TWO,4513.TWO,福裕,,
4523.TWO,4523.TWO,永彰,,
4526.TW,4526.TW,东台,,東台
4527.TWO,4527.TWO,方土霖,,
4528.TWO,4528.TWO,江兴锻,,江興鍛
4529.TWO,4529.TWO,淳绅,,淳紳
4530.TWO,4530.TWO,宏易,,
4532.TW,4532.TW,瑞智,,
4533.TWO,4533.TWO,协易机,,協易機
4534.TWO,4534.TWO,庆腾,,慶騰
4535.TWO,4535.TWO,至兴,,至興
4536.TW,4536.TW,拓凯,,拓凱
4538.TWO,4538.TWO,大咏城,,大詠城
4540.TW,4540.TW,全球传动,,全球傳動
4541.TWO,4541.TWO,晟田,,
4542.TWO,4542.TWO,科峤,,科嶠
4543.TWO,4543.TWO,万在,,萬在
4545.TW,4545.TW,铭钰,,銘鈺
4549.TWO,4549.TWO,桓达,,桓達
4550.TWO,4550.TWO,长佳,,長佳
4551.TW,4551.TW,智伸科,,
4552.TW,4552.TW,力达-KY,,力達-KY
4554.TWO,4554.TWO,橙的,,
4555.TW,4555.TW,气立,,氣立
4556.TWO,4556.TWO,旭然,,
4557.TW,4557.TW,永新-KY,,
4558.TWO,4558.TWO,宝纬,,寶緯
4560.TW,4560.TW,强信-KY,,強信-KY
4561.TWO,4561.TWO,健椿,,
4562.TW,4562.TW,颖汉,,穎漢
4563.TWO,4563.TWO,百德,,
4564.TW,4564.TW,元翎,,
4566.TW,4566.TW,时硕工业,,時碩工業
4568.TWO,4568.TWO,科际精密,,科際精密
4569.TW,4569.TW,六方科-KY,,
4571.TW,4571.TW,钧兴-KY,,鈞興-KY
4572.TW,4572.TW,驻龙,,駐龍
4576.TW,4576.TW,大银微系统,,大銀微系統
4577.TWO,4577.TWO,达航科技,,達航科技
4580.TWO,4580.TWO,捷流阀业,,捷流閥業
4581.TW,4581.TW,光隆精密-KY,,
4583.TW,4583.TW,台湾精锐,,台灣精銳
4584.TWO,4584.TWO,君帆,,
4585.TW,4585.TW,达明,,達明
4588.TW,4588.TW,玖鼎电力,,玖鼎電力
4590.TW,4590.TW,富田-创,,富田-創
4609.TWO,4609.TWO,唐锋,,唐鋒
4702.TWO,4702.TWO,中美实,,中美實
4706.TWO,4706.TWO,大恭,,
4707.TWO,4707.TWO,磐亚,,磐亞
4711.TWO,4711.TWO,永纯,,永純
4714.TWO,4714.TWO,永捷,,
4716.TWO,4716.TWO,大立,,
4720.TW,4720.TW,德渊,,德淵
4721.TWO,4721.TWO,美琪玛,,美琪瑪
4722.TW,4722.TW,国精化,,國精化
4726.TWO,4726.TWO,永昕,,
4728.TWO,4728.TWO,双美,,雙美
4729.TWO,4729.TWO,荧茂,,熒茂
4735.TWO,4735.TWO,豪展,,
4736.TW,4736.TW,泰博,,
4737.TW,4737.TW,华广,,華廣
4739.TW,4739.TW,康普,,
4741.TWO,4741.TWO,泓瀚,,
4743.TWO,4743.TWO,合一,,
4744.TWO,4744.TWO,皇将,,皇將
4745.TWO,4745.TWO,合富-KY,,
4746.TW,4746.TW,台耀,,
4747.TWO,4747.TWO,强生,,強生
4749.TWO,4749.TWO,新应材,,新應材
4754.TWO,4754.TWO,国碳科,,國碳科
4755.TW,4755.TW,三福化,,
4760.TWO,4760.TWO,勤凯,,勤凱
4763.TW,4763.TW,材料*-KY,,
4764.TW,4764.TW,双键,,雙鍵
4766.TW,4766.TW,南宝,,南寶
4767.TWO,4767.TWO,诚泰科技,,誠泰科技
4768.TWO,4768.TWO,晶呈科技,,
4770.TW,4770.TW,上品,,
4771.TW,4771.TW,望隼,,
4772.TWO,4772.TWO,台特化,,
4804.TWO,4804.TWO,大略-KY,,
4806.TWO,4806.TWO,桂田文创,,桂田文創
4807.TW,4807.TW,日成-KY,,
4903.TWO,4903.TWO,联光通,,聯光通
4904.TW,4904.TW,远传,,遠傳
4905.TWO,4905.TWO,台联电,,台聯電
4906.TW,4906.TW,正文,,
4907.TWO,4907.TWO,富宇,,
4908.TWO,4908.TWO,前鼎,,
4909.TWO,4909.TWO,新复兴,,新復興
4911.TWO,4911.TWO,德英,,
4912.TW,4912.TW,联德控股-KY,,聯德控股-KY
4915.TW,4915.TW,致伸,,
4916.TW,4916.TW,事欣科,,
4919.TW,4919.TW,新唐,,
4923.TWO,4923.TWO,力士,,
4924.TWO,4924.TWO,欣厚-KY,,
4927.TW,4927.TW,泰鼎-KY,,
4930.TW,4930.TW,灿星网,,燦星網
4931.TWO,4931.TWO,新盛力,,
4933.TWO,4933.TWO,友辉,,友輝
4934.TW,4934.TW,太极,,太極
4935.TW,4935.TW,茂林-KY,,
4938.TW,4938.TW,和硕,,和碩
4939.TWO,4939.TWO,亚电,,亞電
4942.TW,4942.TW,嘉彰,,
4943.TW,4943.TW,康控-KY,,
4946.TWO,4946.TWO,辣椒,,
4949.TW,4949.TW,有成精密,,
4950.TWO,4950.TWO,金耘国际,,金耘國際
4951.TWO,4951.TWO,精拓科,,
4952.TW,4952.TW,凌通,,
4953.TWO,4953.TWO,纬软,,緯軟
4956.TW,4956.TW,光𬭎,,光鋐
4958.TW,4958.TW,臻鼎-KY,,
4960.TW,4960.TW,诚美材,,誠美材
4961.TW,4961.TW,天钰,,天鈺
4966.TWO,4966.TWO,谱瑞-KY,,譜瑞-KY
4967.TW,4967.TW,十铨,,十銓
4968.TW,4968.TW,立积,,立積
4971.TWO,4971.TWO,IET-KY,,
4972.TWO,4972.TWO,汤石照明,,湯石照明
4973.TWO,4973.TWO,广颖,,廣穎
4974.TWO,4974.TWO,亚泰,,亞泰
4976.TW,4976.TW,佳凌,,
4977.TW,4977.TW,众达-KY,,眾達-KY
4979.TWO,4979.TWO,华星光,,華星光
4987.TWO,4987.TWO,科诚,,科誠
4989.TW,4989.TW,荣科,,榮科
4991.TWO,4991.TWO,环宇-KY,,環宇-KY
4994.TW,4994.TW,传奇,,傳奇
4995.TWO,4995.TWO,晶达,,晶達
4999.TW,4999.TW,鑫禾,,
5007.TW,5007.TW,三星,,
5009.TWO,5009.TWO,荣刚,,榮剛
5011.TWO,5011.TWO,久阳,,久陽
5013.TWO,5013.TWO,强新,,強新
5014.TWO,5014.TWO,建锠,,建錩
5015.TWO,5015.TWO,华祺,,華祺
5016.TWO,5016.TWO,松和,,
5201.TWO,5201.TWO,凯卫,,凱衛
5202.TWO,5202.TWO,力新,,
5203.TW,5203.TW,讯连,,訊連
5205.TWO,5205.TWO,中茂,,
5206.TWO,5206.TWO,坤悦,,坤悅
5209.TWO,5209.TWO,新鼎,,
5210.TWO,5210.TWO,宝硕,,寶碩
5211.TWO,5211.TWO,蒙恬,,
5212.TWO,5212.TWO,凌网,,凌網
5213.TWO,5213.TWO,亚昕,,亞昕
5215.TW,5215.TW,科嘉-KY,,
5220.TWO,5220.TWO,万达光电,,萬達光電
5222.TW,5222.TW,全讯,,全訊
5223.TWO,5223.TWO,安力-KY,,
5225.TW,5225.TW,东科-KY,,東科-KY
5227.TWO,5227.TWO,立凯-KY,,立凱-KY
5228.TWO,5228.TWO,钰铠,,鈺鎧
5230.TWO,5230.TWO,雷笛克光学,,雷笛克光學
5234.TW,5234.TW,达兴材料,,達興材料
5236.TWO,5236.TWO,凌阳创新,,凌陽創新
5243.TW,5243.TW,乙盛-KY,,
5244.TW,5244.TW,弘凯,,弘凱
5245.TWO,5245.TWO,智晶,,
5251.TWO,5251.TWO,天钺电,,天鉞電
5258.TW,5258.TW,虹堡,,
5263.TWO,5263.TWO,智崴,,
5269.TW,5269.TW,祥硕,,祥碩
5272.TWO,5272.TWO,笙科,,
5274.TWO,5274.TWO,信骅,,信驊
5276.TWO,5276.TWO,达辉-KY,,達輝-KY
5278.TWO,5278.TWO,尚凡*,,
5283.TW,5283.TW,禾联硕,,禾聯碩
5284.TW,5284.TW,jpp-KY,,
5285.TW,5285.TW,界霖,,
5287.TWO,5287.TWO,数字,,數字
5288.TW,5288.TW,丰祥-KY,,豐祥-KY
5289.TWO,5289.TWO,宜鼎,,
5291.TWO,5291.TWO,邑升,,邑昇
5292.TW,5292.TW,华懋,,華懋
5299.TWO,5299.TWO,杰力,,
5301.TWO,5301.TWO,宝得利,,寶得利
5302.TWO,5302.TWO,太欣,,
5306.TW,5306.TW,桂盟,,
5309.TWO,5309.TWO,系统电,,系統電
5310.TWO,5310.TWO,天刚,,天剛
5312.TWO,5312.TWO,宝岛科,,寶島科
5314.TWO,5314.TWO,世纪*,,世紀*
5315.TWO,5315.TWO,光联,,光聯
5321.TWO,5321.TWO,美而快,,
5324.TWO,5324.TWO,士开,,士開
5328.TWO,5328.TWO,华容,,華容
5340.TWO,5340.TWO,建荣,,建榮
5344.TWO,5344.TWO,立卫,,立衛
5345.TWO,5345.TWO,馥鸿,,馥鴻
5347.TWO,5347.TWO,世界,,
5348.TWO,5348.TWO,正能量智能,,
5351.TWO,5351.TWO,钰创,,鈺創
5353.TWO,5353.TWO,台林,,
5355.TWO,5355.TWO,佳总,,佳總
5356.TWO,5356.TWO,协益,,協益
5364.TWO,5364.TWO,力丽店,,力麗店
5371.TWO,5371.TWO,中光电,,中光電
5381.TWO,5381.TWO,合正,,
5386.TWO,5386.TWO,青云,,青雲
5388.TW,5388.TW,中磊,,
5392.TWO,5392.TWO,能率,,
5398.TWO,5398.TWO,慕康生医,,慕康生醫
5403.TWO,5403.TWO,中菲,,
5410.TWO,5410.TWO,国众,,國眾
5425.TWO,5425.TWO,台半,,
5426.TWO,5426.TWO,振发,,振發
5432.TWO,5432.TWO,新门,,新門
5434.TW,5434.TW,崇越,,
5438.TWO,5438.TWO,东友,,東友
5439.TWO,5439.TWO,高技,,
5443.TWO,5443.TWO,均豪,,
5450.TWO,5450.TWO,南良,,
5452.TWO,5452.TWO,佶优,,佶優
5455.TWO,5455.TWO,升益,,昇益
5457.TWO,5457.TWO,宣德,,
5460.TWO,5460.TWO,同协,,同協
5464.TWO,5464.TWO,霖宏,,
5465.TWO,5465.TWO,富骅,,富驊
5468.TWO,5468.TWO,凯钰,,凱鈺
5469.TW,5469.TW,瀚宇博,,
5471.TW,5471.TW,松翰,,
5474.TWO,5474.TWO,聪泰,,聰泰
5475.TWO,5475.TWO,德宏,,
5478.TWO,5478.TWO,智冠,,
5481.TWO,5481.TWO,新华,,新華
5483.TWO,5483.TWO,中美晶,,
5484.TW,5484.TW,慧友,,
5487.TWO,5487.TWO,通泰,,
5488.TWO,5488.TWO,松普,,
5489.TWO,5489.TWO,彩富,,
5490.TWO,5490.TWO,同亨,,
5493.TWO,5493.TWO,三联,,三聯
5498.TWO,5498.TWO,凯崴,,凱崴
5508.TWO,5508.TWO,永信建,,
5511.TWO,5511.TWO,德昌,,
5512.TWO,5512.TWO,力麒,,
5514.TWO,5514.TWO,三丰,,三豐
5515.TW,5515.TW,建国,,建國
5516.TWO,5516.TWO,双喜,,雙喜
5519.TW,5519.TW,隆大,,
5520.TWO,5520.TWO,力泰,,
5521.TW,5521.TW,工信,,
5522.TW,5522.TW,远雄,,遠雄
5523.TWO,5523.TWO,丰谦,,豐謙
5525.TW,5525.TW,顺天,,順天
5529.TWO,5529.TWO,巨升,,鉅陞
5530.TWO,5530.TWO,龙岩,,龍巖
5531.TW,5531.TW,乡林,,鄉林
5533.TW,5533.TW,皇鼎,,
5534.TW,5534.TW,长虹,,長虹
5536.TWO,5536.TWO,圣晖*,,聖暉*
5538.TW,5538.TW,东明-KY,,東明-KY
5543.TWO,5543.TWO,桓鼎-KY,,
5546.TW,5546.TW,永固-KY,,
5547.TWO,5547.TWO,久舜,,
5548.TWO,5548.TWO,安仓,,安倉
5601.TWO,5601.TWO,台联柜,,台聯櫃
5603.TWO,5603.TWO,陆海,,陸海
5604.TWO,5604.TWO,中连,,中連
5607.TW,5607.TW,远雄港,,遠雄港
5608.TW,5608.TW,四维航,,四維航
5609.TWO,5609.TWO,中菲行,,
5701.TWO,5701.TWO,剑湖山,,劍湖山
5703.TWO,5703.TWO,亚都,,亞都
5704.TWO,5704.TWO,老爷知,,老爺知
5706.TW,5706.TW,凤凰,,鳳凰
5864.TWO,5864.TWO,致和证,,致和證
5871.TW,5871.TW,中租-KY,,
5876.TW,5876.TW,上海商银,,上海商銀
5878.TWO,5878.TWO,台名,,
5880.TW,5880.TW,合库金,,合庫金
5902.TWO,5902.TWO,德记,,德記
5903.TWO,5903.TWO,全家,,
5904.TWO,5904.TWO,宝雅,,寶雅
5905.TWO,5905.TWO,南仁湖,,
5906.TW,5906.TW,台南-KY,,
5907.TW,5907.TW,大洋-KY,,
6005.TW,6005.TW,群益证,,群益證
6015.TWO,6015.TWO,宏远证,,宏遠證
6016.TWO,6016.TWO,康和证,,康和證
6020.TWO,6020.TWO,大展证,,大展證
6021.TWO,6021.TWO,美好证,,美好證
6023.TWO,6023.TWO,元大期,,
6024.TW,6024.TW,群益期,,
6026.TWO,6026.TWO,福邦证,,福邦證
6101.TWO,6101.TWO,宽鱼国际,,寬魚國際
6103.TWO,6103.TWO,合邦,,
6104.TWO,6104.TWO,创惟,,創惟
6108.TW,6108.TW,竞国,,競國
6109.TWO,6109.TWO,亚元,,亞元
6111.TWO,6111.TWO,光聚晶电,,光聚晶電
6112.TW,6112.TW,迈达特,,邁達特
6113.TWO,6113.TWO,亚矽,,亞矽
6114.TWO,6114.TWO,久威,,
6115.TW,6115.TW,镒胜,,鎰勝
6116.TW,6116.TW,彩晶,,
6117.TW,6117.TW,迎广,,迎廣
6118.TWO,6118.TWO,建达,,建達
6120.TW,6120.TW,达运,,達運
6121.TWO,6121.TWO,新普,,
6122.TWO,6122.TWO,擎邦,,
6123.TWO,6123.TWO,上奇,,
6124.TWO,6124.TWO,业强,,業強
6125.TWO,6125.TWO,广运,,廣運
6126.TWO,6126.TWO,信音,,
6127.TWO,6127.TWO,九豪,,
6128.TW,6128.TW,上福,,
6129.TWO,6129.TWO,普诚,,普誠
6130.TWO,6130.TWO,上亚科技,,上亞科技
6133.TW,6133.TW,金桥,,金橋
6134.TWO,6134.TWO,万旭,,萬旭
6136.TW,6136.TW,富尔特,,富爾特
6138.TWO,6138.TWO,茂达,,茂達
6139.TW,6139.TW,亚翔,,亞翔
6140.TWO,6140.TWO,讯达,,訊達
6141.TW,6141.TW,柏承,,
6142.TW,6142.TW,友劲,,友勁
6143.TWO,6143.TWO,振曜,,
6144.TWO,6144.TWO,得利影,,
6146.TWO,6146.TWO,耕兴,,耕興
6147.TWO,6147.TWO,颀邦,,頎邦
6148.TWO,6148.TWO,骅宏资,,驊宏資
6150.TWO,6150.TWO,撼讯,,撼訊
6151.TWO,6151.TWO,晋伦,,晉倫
6152.TW,6152.TW,百一,,
6153.TW,6153.TW,嘉联益,,嘉聯益
6154.TWO,6154.TWO,顺发,,順發
6155.TW,6155.TW,钧宝,,鈞寶
6156.TWO,6156.TWO,松上,,
6158.TWO,6158.TWO,禾昌,,
6160.TWO,6160.TWO,欣技,,
6161.TWO,6161.TWO,捷波,,
6163.TWO,6163.TWO,华电网,,華電網
6164.TW,6164.TW,华兴,,華興
6165.TW,6165.TW,浪凡,,
6166.TW,6166.TW,凌华,,凌華
6167.TWO,6167.TWO,久正,,
6168.TW,6168.TW,宏齐,,宏齊
6169.TWO,6169.TWO,昱泉,,
6170.TWO,6170.TWO,统振,,統振
6171.TWO,6171.TWO,大城地产,,大城地產
6173.TWO,6173.TWO,信昌电,,信昌電
6174.TWO,6174.TWO,安碁,,
6175.TWO,6175.TWO,立敦,,
6176.TW,6176.TW,瑞仪,,瑞儀
6177.TW,6177.TW,达丽,,達麗
6179.TWO,6179.TWO,亚通,,亞通
6180.TWO,6180.TWO,橘子,,
6182.TWO,6182.TWO,合晶,,
6183.TW,6183.TW,关贸,,關貿
6184.TW,6184.TW,大丰电,,大豐電
6185.TWO,6185.TWO,帏翔,,幃翔
6186.TWO,6186.TWO,新润,,新潤
6187.TWO,6187.TWO,万润,,萬潤
6188.TWO,6188.TWO,广明,,廣明
6189.TW,6189.TW,丰艺,,豐藝
6190.TWO,6190.TWO,万泰科,,萬泰科
6191.TW,6191.TW,精成科,,
6192.TW,6192.TW,巨路,,
6194.TWO,6194.TWO,育富,,
6195.TWO,6195.TWO,诗肯,,詩肯
6196.TW,6196.TW,帆宣,,
6197.TW,6197.TW,佳必琪,,
6198.TWO,6198.TWO,瑞筑,,瑞築
6199.TWO,6199.TWO,天品,,
6201.TW,6201.TW,亚弘电,,亞弘電
6202.TW,6202.TW,盛群,,
6203.TWO,6203.TWO,海韵电,,海韻電
6204.TWO,6204.TWO,艾华,,艾華
6205.TW,6205.TW,诠欣,,詮欣
6206.TW,6206.TW,飞捷,,飛捷
6207.TWO,6207.TWO,雷科,,
6208.TWO,6208.TWO,日扬,,日揚
6209.TW,6209.TW,今国光,,今國光
6210.TWO,6210.TWO,庆生,,慶生
6212.TWO,6212.TWO,理铭,,理銘
6213.TW,6213.TW,联茂,,聯茂
6214.TW,6214.TW,精诚,,精誠
6215.TW,6215.TW,和椿,,
6216.TW,6216.TW,居易,,
6217.TWO,6217.TWO,中探针,,中探針
6218.TWO,6218.TWO,豪勉,,
6219.TWO,6219.TWO,富旺,,
6220.TWO,6220.TWO,岳丰,,岳豐
6221.TWO,6221.TWO,晋泰,,晉泰
6222.TWO,6222.TWO,立轩,,立軒
6223.TWO,6223.TWO,旺矽,,
6224.TW,6224.TW,聚鼎,,
6225.TW,6225.TW,天瀚,,
6226.TW,6226.TW,光鼎,,
6227.TWO,6227.TWO,茂纶,,茂綸
6228.TWO,6228.TWO,全谱,,全譜
6229.TWO,6229.TWO,研通,,
6230.TW,6230.TW,尼得科超众,,尼得科超眾
6231.TWO,6231.TWO,系微,,
6233.TWO,6233.TWO,旺玖,,
6234.TWO,6234.TWO,高侨,,高僑
6235.TW,6235.TW,华孚,,華孚
6236.TWO,6236.TWO,中湛,,
6237.TWO,6237.TWO,骅讯,,驊訊
6239.TW,6239.TW,力成,,
6240.TWO,6240.TWO,松岗,,松崗
6241.TWO,6241.TWO,易通展,,
6242.TWO,6242.TWO,立康,,
6243.TW,6243.TW,迅杰,,
6244.TWO,6244.TWO,茂迪,,
6245.TWO,6245.TWO,立端,,
6246.TWO,6246.TWO,台龙,,臺龍
6248.TWO,6248.TWO,沛波,,
6257.TW,6257.TW,矽格,,
6259.TWO,6259.TWO,百徽,,
6261.TWO,6261.TWO,久元,,
6263.TWO,6263.TWO,普莱德,,普萊德
6264.TWO,6264.TWO,富裔,,
6265.TWO,6265.TWO,方土昶,,
6266.TWO,6266.TWO,泰咏,,泰詠
6269.TW,6269.TW,台郡,,
6270.TWO,6270.TWO,倍微,,
6271.TW,6271.TW,同欣电,,同欣電
6272.TW,6272.TW,骅升,,驊陞
6274.TWO,6274.TWO,台燿,,
6275.TWO,6275.TWO,元山,,
6276.TWO,6276.TWO,安钛克,,安鈦克
6277.TW,6277.TW,宏正,,
6278.TW,6278.TW,台表科,,
6279.TWO,6279.TWO,胡连,,胡連
6281.TW,6281.TW,全国电,,全國電
6282.TW,6282.TW,康舒,,
6283.TW,6283.TW,淳安,,
6284.TWO,6284.TWO,佳邦,,
6285.TW,6285.TW,启碁,,啟碁
6290.TWO,6290.TWO,良维,,良維
6291.TWO,6291.TWO,沛亨,,
6292.TWO,6292.TWO,迅德,,
6294.TWO,6294.TWO,智基,,
6405.TW,6405.TW,悦城,,悅城
6409.TW,6409.TW,旭隼,,
6411.TWO,6411.TWO,晶焱,,
6412.TW,6412.TW,群电,,群電
6414.TW,6414.TW,桦汉,,樺漢
6415.TW,6415.TW,矽力*-KY,,
6416.TW,6416.TW,瑞祺电通,,瑞祺電通
6417.TWO,6417.TWO,韦侨,,韋僑
6418.TWO,6418.TWO,咏升,,詠昇
6419.TWO,6419.TWO,京晨科,,
6423.TWO,6423.TWO,亿而得,,億而得
6425.TWO,6425.TWO,易发,,易發
6426.TW,6426.TW,统新,,統新
6431.TW,6431.TW,光丽-KY,,光麗-KY
6432.TWO,6432.TWO,今展科,,
6435.TWO,6435.TWO,大中,,
6438.TW,6438.TW,迅得,,
6441.TWO,6441.TWO,广锭,,廣錠
6442.TW,6442.TW,光圣,,光聖
6443.TW,6443.TW,元晶,,
6446.TW,6446.TW,药华药,,藥華藥
6449.TW,6449.TW,钰邦,,鈺邦
6451.TW,6451.TW,讯芯-KY,,訊芯-KY
6456.TW,6456.TW,GIS-KY,,
6461.TWO,6461.TWO,益得,,
6462.TWO,6462.TWO,神盾,,
6464.TW,6464.TW,台数科,,台數科
6465.TWO,6465.TWO,威润,,威潤
6469.TWO,6469.TWO,大树,,大樹
6470.TWO,6470.TWO,宇智,,
6472.TW,6472.TW,保瑞,,
6474.TWO,6474.TWO,华豫宁,,華豫寧
6477.TW,6477.TW,安集,,
6482.TWO,6482.TWO,弘煜科,,
6485.TWO,6485.TWO,点序,,點序
6486.TWO,6486.TWO,互动,,互動
6488.TWO,6488.TWO,环球晶,,環球晶|GlobalWafers
6491.TW,6491.TW,晶硕,,晶碩
6492.TWO,6492.TWO,生华科,,生華科
6494.TWO,6494.TWO,九齐,,九齊
6496.TWO,6496.TWO,科懋,,
6498.TWO,6498.TWO,久禾光,,
6499.TWO,6499.TWO,益安,,
6504.TW,6504.TW,南六,,
6505.TW,6505.TW,台塑化,,
6506.TWO,6506.TWO,双邦,,雙邦
6508.TWO,6508.TWO,惠光,,
6509.TWO,6509.TWO,聚和,,
6510.TWO,6510.TWO,精测,,精測
6512.TWO,6512.TWO,启发电,,啟發電
6515.TW,6515.TW,颖崴,,穎崴
6516.TWO,6516.TWO,勤崴国际,,勤崴國際
6517.TWO,6517.TWO,保胜光学,,保勝光學
6523.TWO,6523.TWO,达尔肤,,達爾膚
6525.TW,6525.TW,捷敏-KY,,
6526.TW,6526.TW,达发,,達發
6527.TWO,6527.TWO,明达医,,明達醫
6530.TWO,6530.TWO,创威,,創威
6531.TW,6531.TW,爱普*,,愛普*
6532.TWO,6532.TWO,瑞耘,,
6533.TW,6533.TW,晶心科,,
6534.TW,6534.TW,正瀚-创,,正瀚-創
6535.TWO,6535.TWO,顺药,,順藥
6538.TWO,6538.TWO,仓和,,倉和
6541.TW,6541.TW,泰福-KY,,
6542.TWO,6542.TWO,隆中,,
6546.TWO,6546.TWO,正基,,
6547.TWO,6547.TWO,高端疫苗,,
6548.TWO,6548.TWO,长科*,,長科*
6550.TW,6550.TW,北极星药业-KY,,北極星藥業-KY
6552.TW,6552.TW,易华电,,易華電
6556.TWO,6556.TWO,胜品,,勝品
6558.TW,6558.TW,兴能高,,興能高
6560.TWO,6560.TWO,欣普罗,,欣普羅
6561.TWO,6561.TWO,是方,,
6568.TWO,6568.TWO,宏观,,宏觀
6569.TWO,6569.TWO,医扬,,醫揚
6570.TWO,6570.TWO,维田,,維田
6573.TW,6573.TW,虹扬-KY,,虹揚-KY
6574.TWO,6574.TWO,霈方,,
6576.TWO,6576.TWO,逸达,,逸達
6577.TWO,6577.TWO,劲丰,,勁豐
6578.TWO,6578.TWO,达邦蛋白,,達邦蛋白
6579.TW,6579.TW,研扬,,研揚
6581.TW,6581.TW,钢联,,鋼聯
6582.TW,6582.TW,申丰,,申豐
6584.TWO,6584.TWO,南俊国际,,南俊國際
6585.TW,6585.TW,鼎基,,
6588.TWO,6588.TWO,东典光电,,東典光電
6589.TW,6589.TW,台康生技,,
6590.TWO,6590.TWO,普鸿,,普鴻
6591.TW,6591.TW,动力-KY,,動力-KY
6592.TW,6592.TW,和润企业,,和潤企業
6593.TWO,6593.TWO,台湾铭板,,台灣銘板
6596.TWO,6596.TWO,宽宏艺术,,寬宏藝術
6597.TWO,6597.TWO,立诚,,立誠
6598.TW,6598.TW,ABC-KY,,
6603.TWO,6603.TWO,富强鑫,,富強鑫
6605.TW,6605.TW,帝宝,,帝寶
6606.TW,6606.TW,建德工业,,建德工業
6609.TWO,6609.TWO,泷泽科,,瀧澤科
6612.TWO,6612.TWO,奈米医材,,奈米醫材
6613.TWO,6613.TWO,朋亿*,,朋億*
6614.TW,6614.TW,资拓宏宇,,資拓宏宇
6615.TWO,6615.TWO,慧智,,
6616.TWO,6616.TWO,特升-KY,,特昇-KY
6617.TWO,6617.TWO,共信-KY,,
6620.TWO,6620.TWO,汉达,,漢達
6624.TWO,6624.TWO,万年清,,萬年清
6625.TW,6625.TW,必应,,必應
6629.TWO,6629.TWO,泰金-KY,,
6637.TWO,6637.TWO,医影,,醫影
6640.TWO,6640.TWO,均华,,均華
6641.TW,6641.TW,基士德-KY,,
6642.TWO,6642.TWO,富致,,
6643.TWO,6643.TWO,M31,,
6645.TW,6645.TW,金万林-创,,金萬林-創
6649.TWO,6649.TWO,台生材,,
6651.TWO,6651.TWO,全宇昕,,
6654.TWO,6654.TWO,天正国际,,天正國際
6655.TW,6655.TW,科定,,
6657.TW,6657.TW,华安,,華安
6658.TW,6658.TW,联策,,聯策
6661.TWO,6661.TWO,威健生技,,
6662.TWO,6662.TWO,乐斯科,,樂斯科
6664.TWO,6664.TWO,群翊,,
6666.TW,6666.TW,罗丽芬-KY,,羅麗芬-KY
6667.TWO,6667.TWO,信纮科,,信紘科
6668.TW,6668.TW,中扬光,,中揚光
6669.TW,6669.TW,纬颖,,緯穎
6670.TW,6670.TW,复盛应用,,復盛應用
6671.TW,6671.TW,三能-KY,,
6672.TW,6672.TW,腾辉电子-KY,,騰輝電子-KY
6674.TW,6674.TW,𬭎宝科技,,鋐寶科技
6679.TWO,6679.TWO,钰太,,鈺太
6680.TWO,6680.TWO,鑫创电子,,鑫創電子
6683.TWO,6683.TWO,雍智科技,,
6684.TWO,6684.TWO,安格,,
6689.TW,6689.TW,伊云谷,,伊雲谷
6690.TWO,6690.TWO,安碁资讯,,安碁資訊
6691.TW,6691.TW,洋基工程,,
6692.TWO,6692.TWO,进能服,,進能服
6693.TWO,6693.TWO,广闳科,,廣閎科
6695.TW,6695.TW,芯鼎,,
6697.TWO,6697.TWO,东捷资讯,,東捷資訊
6698.TW,6698.TW,旭晖应材,,旭暉應材
6703.TWO,6703.TWO,轩郁,,軒郁
6706.TW,6706.TW,惠特,,
6708.TWO,6708.TWO,天擎,,
6712.TWO,6712.TWO,长圣,,長聖
6715.TW,6715.TW,嘉基,,
6716.TWO,6716.TWO,应广,,應廣
6719.TW,6719.TW,力智,,
6720.TWO,6720.TWO,久昌,,
6721.TWO,6721.TWO,信实,,信實
6722.TW,6722.TW,辉创,,輝創
6725.TWO,6725.TWO,矽科宏晟,,
6727.TWO,6727.TWO,亚泰金属,,亞泰金屬
6728.TWO,6728.TWO,上洋,,
6730.TWO,6730.TWO,常广,,常廣
6732.TWO,6732.TWO,升佳电子,,昇佳電子
6733.TWO,6733.TWO,博晟生医,,博晟生醫
6735.TWO,6735.TWO,美达科技,,美達科技
6739.TWO,6739.TWO,竹升科技,,竹陞科技
6741.TWO,6741.TWO,91APP*-KY,,
6742.TW,6742.TW,泽米,,澤米
6743.TW,6743.TW,安普新,,
6751.TWO,6751.TWO,智联服务,,智聯服務
6752.TWO,6752.TWO,叡扬,,叡揚
6753.TW,6753.TW,龙德造船,,龍德造船
6754.TW,6754.TW,汇侨设计,,匯僑設計
6756.TW,6756.TW,威锋电子,,威鋒電子
6757.TW,6757.TW,台湾虎航,,台灣虎航
6761.TWO,6761.TWO,稳得,,穩得
6762.TWO,6762.TWO,达亚,,達亞
6763.TWO,6763.TWO,绿界科技*,,綠界科技*
6767.TWO,6767.TWO,台微医,,台微醫
6768.TW,6768.TW,志强-KY,,志強-KY
6770.TW,6770.TW,力积电,,力積電
6771.TW,6771.TW,平和环保-创,,平和環保-創
6776.TW,6776.TW,展碁国际,,展碁國際
6781.TW,6781.TW,AES-KY,,
6782.TW,6782.TW,视阳,,視陽
6785.TWO,6785.TWO,昱展新药,,昱展新藥
6788.TWO,6788.TWO,华景电,,華景電
6789.TW,6789.TW,采钰,,采鈺
6790.TW,6790.TW,永丰实,,永豐實
6791.TWO,6791.TWO,虎门科技,,虎門科技
6792.TW,6792.TW,咏业,,詠業
6794.TW,6794.TW,向荣生技,,向榮生技
6796.TW,6796.TW,晋弘,,晉弘
6799.TW,6799.TW,来颉,,來頡
6803.TWO,6803.TWO,昆鼎,,崑鼎
6804.TWO,6804.TWO,明系,,明係
6805.TW,6805.TW,富世达,,富世達
6806.TW,6806.TW,森崴能源,,
6807.TW,6807.TW,峰源-KY,,
6811.TWO,6811.TWO,宏碁资讯,,宏碁資訊
6821.TWO,6821.TWO,联宝,,聯寶
6823.TWO,6823.TWO,滤能,,濾能
6829.TWO,6829.TWO,千附精密,,
6830.TW,6830.TW,泛铨,,汎銓
6831.TW,6831.TW,迈科,,邁科
6834.TW,6834.TW,天二科技,,
6835.TW,6835.TW,圆裕,,圓裕
6838.TW,6838.TW,台新药,,台新藥
6840.TWO,6840.TWO,东研信超,,東研信超
6841.TWO,6841.TWO,长佳智能,,長佳智能
6843.TWO,6843.TWO,进典,,進典
6844.TWO,6844.TWO,诺贝儿,,諾貝兒
6846.TWO,6846.TWO,绿茵,,綠茵
6854.TW,6854.TW,镎创科技-KY创,,錼創科技-KY創
6855.TWO,6855.TWO,数泓科,,數泓科
6856.TWO,6856.TWO,鑫传,,鑫傳
6859.TWO,6859.TWO,伯特光,,
6861.TW,6861.TW,睿生光电,,睿生光電
6862.TW,6862.TW,三集瑞-KY,,
6863.TW,6863.TW,永道-KY,,
6865.TWO,6865.TWO,伟康科技,,偉康科技
6869.TW,6869.TW,云豹能源,,雲豹能源
6870.TWO,6870.TWO,腾云,,騰雲
6872.TWO,6872.TWO,浩宇生医,,浩宇生醫
6873.TW,6873.TW,泓德能源,,
6874.TWO,6874.TWO,倍力,,
6875.TWO,6875.TWO,国邑*,,國邑*
6877.TWO,6877.TWO,铧友益,,鏵友益
6881.TWO,6881.TWO,润德,,潤德
6884.TWO,6884.TWO,海柏特,,
6885.TW,6885.TW,全福生技,,
6887.TW,6887.TW,宝绿特-KY,,寶綠特-KY
6890.TW,6890.TW,来亿-KY,,來億-KY
6894.TWO,6894.TWO,卫司特,,衛司特
6895.TWO,6895.TWO,宏硕系统,,宏碩系統
6899.TWO,6899.TWO,创为精密,,創為精密
6901.TW,6901.TW,钻石投资,,鑽石投資
6902.TW,6902.TW,GOGOLOOK,,
6903.TWO,6903.TWO,巨汉,,巨漢
6904.TWO,6904.TWO,伯鑫,,
6906.TW,6906.TW,现观科,,現觀科
6907.TWO,6907.TWO,雅特力-KY,,
6908.TW,6908.TW,宏碁游戏-创,,宏碁遊戲-創
6909.TW,6909.TW,创控,,創控
6910.TWO,6910.TWO,德鸿,,德鴻
6913.TWO,6913.TWO,鸿呈,,鴻呈
6914.TW,6914.TW,阜尔运通,,阜爾運通
6916.TW,6916.TW,华凌,,華凌
6918.TW,6918.TW,爱派司,,愛派司
6919.TW,6919.TW,康霈*,,
6921.TW,6921.TW,嘉雨思-创,,嘉雨思-創
6922.TWO,6922.TWO,宸曜,,
6923.TW,6923.TW,中台,,
6924.TW,6924.TW,荣惠-KY创,,榮惠-KY創
6925.TWO,6925.TWO,意蓝,,意藍
6928.TW,6928.TW,攸泰科技,,
6929.TWO,6929.TWO,佑全,,
6931.TW,6931.TW,青松健康,,
6933.TW,6933.TW,AMAX-KY,,
6934.TW,6934.TW,心诚镁,,心誠鎂
6936.TW,6936.TW,永鸿生技,,永鴻生技
6937.TW,6937.TW,天虹,,
6944.TW,6944.TW,兆联实业,,兆聯實業
6949.TW,6949.TW,沛尔生医-创,,沛爾生醫-創
6951.TW,6951.TW,青新-创,,青新-創
6952.TW,6952.TW,大武山,,
6953.TWO,6953.TWO,家硕,,家碩
6955.TW,6955.TW,邦睿生技-创,,邦睿生技-創
6957.TW,6957.TW,裕庆-KY,,裕慶-KY
6958.TW,6958.TW,日盛台骏,,日盛台駿
6961.TWO,6961.TWO,旅天下,,
6962.TW,6962.TW,奕力-KY,,
6965.TW,6965.TW,中杰-KY,,中傑-KY
6967.TWO,6967.TWO,泛玮材料,,汎瑋材料
6968.TWO,6968.TWO,万达宠物,,萬達寵物
6969.TW,6969.TW,成信实业*-创,,成信實業*-創
6971.TWO,6971.TWO,惠民实业,,惠民實業
6982.TWO,6982.TWO,大井泵浦,,
6988.TW,6988.TW,威力旸-创,,威力暘-創
6994.TW,6994.TW,富威电力,,富威電力
6996.TWO,6996.TWO,力领科技,,力領科技
6997.TWO,6997.TWO,博弘,,
7402.TWO,7402.TWO,邑锜,,邑錡
7547.TWO,7547.TWO,硕网,,碩網
7556.TWO,7556.TWO,意德士,,
7584.TWO,7584.TWO,乐意,,樂意
7610.TW,7610.TW,联友金属-创,,聯友金屬-創
7631.TW,7631.TW,聚贤研发-创,,聚賢研發-創
7642.TWO,7642.TWO,昶瑞机电,,昶瑞機電
7703.TWO,7703.TWO,锐泽,,銳澤
7704.TWO,7704.TWO,明远精密,,明遠精密
7705.TW,7705.TW,三商餐饮,,三商餐飲
7708.TWO,7708.TWO,全家餐饮,,全家餐飲
7709.TWO,7709.TWO,荣田,,榮田
7711.TW,7711.TW,永擎,,
7712.TWO,7712.TWO,博盛半导体,,博盛半導體
7713.TWO,7713.TWO,威力德生医,,威力德生醫
7714.TWO,7714.TWO,创泓科技,,創泓科技
7715.TWO,7715.TWO,裕山,,
7716.TWO,7716.TWO,昱台国际,,昱臺國際
7717.TWO,7717.TWO,莱德光电-KY,,萊德光電-KY
7718.TWO,7718.TWO,友铖,,友鋮
7721.TW,7721.TW,微程式,,
7722.TW,7722.TW,LINEPAY,,
7723.TWO,7723.TWO,筑间,,築間
7728.TWO,7728.TWO,光焱科技,,
7730.TW,7730.TW,晖盛-创,,暉盛-創
7732.TW,7732.TW,金兴精密,,金興精密
7734.TWO,7734.TWO,印能科技,,
7736.TW,7736.TW,虎山,,
7738.TWO,7738.TWO,东联互动,,東聯互動
7740.TW,7740.TW,熙特尔-创,,熙特爾-創
7743.TWO,7743.TWO,金利食安,,
7744.TWO,7744.TWO,崴宝,,崴寶
7747.TWO,7747.TWO,昕奇云端,,昕奇雲端
7749.TW,7749.TW,意腾-KY,,意騰-KY
7750.TW,7750.TW,新代,,
7751.TWO,7751.TWO,竑腾,,竑騰
7753.TWO,7753.TWO,星亚,,星亞
7757.TWO,7757.TWO,金色三麦,,金色三麥
7765.TW,7765.TW,中华资安,,中華資安
7767.TWO,7767.TWO,仁大资讯,,仁大資訊
7769.TW,7769.TW,鸿劲,,鴻勁
7770.TWO,7770.TWO,君曜,,
7777.TWO,7777.TWO,能率亚洲,,能率亞洲
7780.TW,7780.TW,大研生医*,,大研生醫*
7782.TWO,7782.TWO,光速火箭,,
7786.TW,7786.TW,东方风能,,東方風能
7788.TW,7788.TW,松川精密,,
7791.TW,7791.TW,皇家可口,,
7792.TWO,7792.TWO,安葆,,
7795.TW,7795.TW,长广,,長廣
7799.TW,7799.TW,禾荣科,,禾榮科
7805.TWO,7805.TWO,威联通,,威聯通
7810.TWO,7810.TWO,捷创科技,,捷創科技
7811.TWO,7811.TWO,民盛,,
7823.TW,7823.TW,奥义赛博-KY创,,奧義賽博-KY創
8011.TW,8011.TW,台通,,
8016.TW,8016.TW,矽创,,矽創
8021.TW,8021.TW,尖点,,尖點
8024.TWO,8024.TWO,佑华,,佑華
8027.TWO,8027.TWO,钛升,,鈦昇
8028.TW,8028.TW,升阳半导体,,昇陽半導體
8032.TWO,8032.TWO,光菱,,
8033.TW,8033.TW,雷虎,,
8034.TWO,8034.TWO,荣群,,榮群
8038.TWO,8038.TWO,长园科,,長園科
8039.TW,8039.TW,台虹,,
8040.TWO,8040.TWO,九旸,,九暘
8042.TWO,8042.TWO,金山电,,金山電
8043.TWO,8043.TWO,蜜望实,,蜜望實
8044.TWO,8044.TWO,网家,,網家
8045.TW,8045.TW,达运光电,,達運光電
8046.TW,8046.TW,南电,,南電
8047.TWO,8047.TWO,星云,,星雲
8048.TWO,8048.TWO,德胜,,德勝
8049.TWO,8049.TWO,晶采,,
8050.TWO,8050.TWO,广积,,廣積
8054.TWO,8054.TWO,安国,,安國
8059.TWO,8059.TWO,凯硕,,凱碩
8064.TWO,8064.TWO,东捷,,東捷
8066.TWO,8066.TWO,来思达,,來思達
8067.TWO,8067.TWO,志旭,,
8068.TWO,8068.TWO,全达,,全達
8069.TWO,8069.TWO,元太,,E Ink|EInk
8070.TW,8070.TW,长华*,,長華*
8071.TWO,8071.TWO,能率网通,,能率網通
8072.TW,8072.TW,升泰,,陞泰
8074.TWO,8074.TWO,巨橡,,鉅橡
8076.TWO,8076.TWO,伍丰,,伍豐
8077.TWO,8077.TWO,洛碁,,
8080.TWO,8080.TWO,泰霖,,
8081.TW,8081.TW,致新,,
8083.TWO,8083.TWO,瑞颖,,瑞穎
8084.TWO,8084.TWO,巨虹,,
8085.TWO,8085.TWO,福华,,福華
8086.TWO,8086.TWO,宏捷科,,
8087.TWO,8087.TWO,丽升能源,,麗升能源
8088.TWO,8088.TWO,品安,,
8089.TWO,8089.TWO,康全电讯,,康全電訊
8091.TWO,8091.TWO,翔名,,
8092.TWO,8092.TWO,建𬀩,,建暐
8093.TWO,8093.TWO,保锐,,保銳
8096.TWO,8096.TWO,擎亚,,擎亞
8097.TWO,8097.TWO,常珵,,
8099.TWO,8099.TWO,大世科,,
8101.TW,8101.TW,华冠,,華冠
8102.TWO,8102.TWO,杰霖科技,,傑霖科技
8103.TW,8103.TW,瀚荃,,
8104.TW,8104.TW,铼宝,,錸寶
8105.TW,8105.TW,凌巨,,
8107.TWO,8107.TWO,大亿金茂,,大億金茂
8109.TWO,8109.TWO,博大,,
8110.TW,8110.TW,华东,,華東
8111.TWO,8111.TWO,立碁,,
8112.TW,8112.TW,至上,,
8114.TW,8114.TW,振桦电,,振樺電
8121.TWO,8121.TWO,越峰,,
8131.TW,8131.TW,福懋科,,
8147.TWO,8147.TWO,正凌,,正淩
8150.TW,8150.TW,南茂,,
8155.TWO,8155.TWO,博智,,
8162.TW,8162.TW,微矽电子-创,,微矽電子-創
8163.TW,8163.TW,达方,,達方
8171.TWO,8171.TWO,天宇,,
8176.TWO,8176.TWO,智捷,,
8182.TWO,8182.TWO,加高,,
8183.TWO,8183.TWO,精星,,
8201.TW,8201.TW,无敌,,無敵
8210.TW,8210.TW,勤诚,,勤誠
8213.TW,8213.TW,志超,,
8215.TW,8215.TW,明基材,,
8222.TW,8222.TW,宝一,,寶一
8227.TWO,8227.TWO,巨有科技,,
8234.TWO,8234.TWO,新汉,,新漢
8240.TWO,8240.TWO,华宏,,華宏
8249.TW,8249.TW,菱光,,
8255.TWO,8255.TWO,朋程,,
8261.TW,8261.TW,富鼎,,
8271.TW,8271.TW,宇瞻,,
8272.TWO,8272.TWO,全景软体,,全景軟體
8277.TWO,8277.TWO,商丞,,
8279.TWO,8279.TWO,生展,,
8284.TWO,8284.TWO,三竹,,
8289.TWO,8289.TWO,泰艺,,泰藝
8291.TWO,8291.TWO,尚茂,,
8299.TWO,8299.TWO,群联,,群聯
8341.TW,8341.TW,日友,,
8342.TWO,8342.TWO,益张,,益張
8349.TWO,8349.TWO,恒耀,,
8354.TWO,8354.TWO,冠好,,
8358.TWO,8358.TWO,金居,,
8367.TW,8367.TW,建新国际,,建新國際
8374.TW,8374.TW,罗升,,羅昇
8383.TWO,8383.TWO,千附,,
8390.TWO,8390.TWO,金益鼎,,
8401.TWO,8401.TWO,白纱科,,白紗科
8403.TWO,8403.TWO,盛弘,,
8404.TW,8404.TW,百和兴业-KY,,百和興業-KY
8409.TWO,8409.TWO,商之器,,
8410.TWO,8410.TWO,森田,,
8411.TW,8411.TW,福贞-KY,,福貞-KY
8415.TWO,8415.TWO,大国钢,,大國鋼
8416.TWO,8416.TWO,实威,,實威
8421.TWO,8421.TWO,旭源,,
8422.TW,8422.TW,可宁卫*,,可寧衛*
8423.TWO,8423.TWO,保绿-KY,,保綠-KY
8424.TWO,8424.TWO,惠普,,
8426.TWO,8426.TWO,红木-KY,,紅木-KY
8429.TW,8429.TW,金丽-KY,,金麗-KY
8431.TWO,8431.TWO,汇钻科,,匯鑽科
8432.TWO,8432.TWO,东生华,,東生華
8433.TWO,8433.TWO,弘帆,,
8435.TWO,8435.TWO,巨迈,,鉅邁
8436.TWO,8436.TWO,大江,,
8437.TWO,8437.TWO,大地-KY,,
8438.TW,8438.TW,昶昕,,
8440.TWO,8440.TWO,绿电,,綠電
8442.TW,8442.TW,威宏-KY,,
8443.TW,8443.TW,阿瘦,,
8444.TWO,8444.TWO,绿河-KY,,綠河-KY
8446.TWO,8446.TWO,华研,,華研
8450.TWO,8450.TWO,霹雳,,霹靂
8454.TW,8454.TW,富邦媒,,
8455.TWO,8455.TWO,大拓-KY,,
8462.TW,8462.TW,柏文,,
8463.TW,8463.TW,润泰材,,潤泰材
8464.TW,8464.TW,亿丰,,億豐
8466.TW,8466.TW,美吉吉-KY,,
8467.TW,8467.TW,波力-KY,,
8472.TWO,8472.TWO,够麻吉,,夠麻吉
8473.TW,8473.TW,山林水,,
8476.TW,8476.TW,台境*,,
8477.TWO,8477.TWO,创业家,,創業家
8478.TW,8478.TW,东哥游艇,,東哥遊艇
8481.TW,8481.TW,政伸,,
8482.TW,8482.TW,商亿-KY,,商億-KY
8487.TW,8487.TW,爱尔达-创,,愛爾達-創
8488.TW,8488.TW,吉源-KY,,
8489.TWO,8489.TWO,三贝德,,三貝德
8499.TW,8499.TW,鼎炫-KY,,
8905.TWO,8905.TWO,裕国,,裕國
8906.TWO,8906.TWO,花王,,
8908.TWO,8908.TWO,欣雄,,
8916.TWO,8916.TWO,光隆,,
8917.TWO,8917.TWO,欣泰,,
8921.TWO,8921.TWO,沈氏,,
8923.TWO,8923.TWO,时报,,時報
8924.TWO,8924.TWO,大田,,
8926.TW,8926.TW,台汽电,,台汽電
8927.TWO,8927.TWO,北基,,
8928.TWO,8928.TWO,巨明,,鉅明
8929.TWO,8929.TWO,富堡,,
8930.TWO,8930.TWO,青钢,,青鋼
8931.TWO,8931.TWO,大汽电,,大汽電
8932.TWO,8932.TWO,智通*,,
8933.TWO,8933.TWO,爱地雅,,愛地雅
8935.TWO,8935.TWO,邦泰,,
8936.TWO,8936.TWO,国统,,國統
8937.TWO,8937.TWO,合骐,,合騏
8938.TWO,8938.TWO,明安,,
8940.TW,8940.TW,新天地,,
8941.TWO,8941.TWO,关中,,關中
8942.TWO,8942.TWO,森巨,,森鉅
8996.TW,8996.TW,高力,,
9802.TW,9802.TW,钰齐-KY,,鈺齊-KY
9902.TW,9902.TW,台火,,
9904.TW,9904.TW,宝成,,寶成
9905.TW,9905.TW,大华,,大華
9906.TW,9906.TW,欣巴巴,,
9907.TW,9907.TW,统一实,,統一實
9908.TW,9908.TW,大台北,,
9910.TW,9910.TW,丰泰,,豐泰
9911.TW,9911.TW,樱花,,櫻花
9912.TW,9912.TW,伟联,,偉聯
9914.TW,9914.TW,美利达,,美利達
9917.TW,9917.TW,中保科,,
9918.TW,9918.TW,欣天然,,
9919.TW,9919.TW,康那香,,
9921.TW,9921.TW,巨大,,
9924.TW,9924.TW,福兴,,福興
9925.TW,9925.TW,新保,,
9926.TW,9926.TW,新海,,
9927.TW,9927.TW,泰铭,,泰銘
9928.TW,9928.TW,中视,,中視
9929.TW,9929.TW,秋雨,,
9930.TW,9930.TW,中联资源,,中聯資源
9931.TW,9931.TW,欣高,,
9933.TW,9933.TW,中鼎,,
9934.TW,9934.TW,成霖,,
9935.TW,9935.TW,庆丰富,,慶豐富
9937.TW,9937.TW,全国,,全國
9938.TW,9938.TW,百和,,
9939.TW,9939.TW,宏全,,
9940.TW,9940.TW,信义,,信義
9941.TW,9941.TW,裕融,,
9942.TW,9942.TW,茂顺,,茂順
9943.TW,9943.TW,好乐迪,,好樂迪
9944.TW,9944.TW,新丽,,新麗
9945.TW,9945.TW,润泰新,,潤泰新
9946.TW,9946.TW,三发地产,,三發地產
9949.TWO,9949.TWO,琉园,,琉園
9950.TWO,9950.TWO,万国通,,萬國通
9951.TWO,9951.TWO,皇田,,
9955.TW,9955.TW,佳龙,,佳龍
9958.TW,9958.TW,世纪钢,,世紀鋼
9960.TWO,9960.TWO,迈达康,,邁達康
9962.TWO,9962.TWO,有益,,
